{"type": "FeatureCollection", "features": [{"type": "Feature", "properties": {"provinsi": "SULAWESI TENGAH"}, "geometry": {"type": "MultiPolygon", "coordinates": [[[[119.5611737, -0.8495073], [119.7237237, -0.6612974], [119.8780037, -0.8640873], [119.7587637, -0.4899175], [119.8099237, -0.1361877], [119.6734737, -0.1187577], [119.6050337, -0.0114477], [119.8416337, -0.0977677], [119.8785937, 0.0756722], [119.7830137, 0.2267122], [119.8993537, 0.2171922], [119.8832037, 0.459922], [120.0451436, 0.512712], [120.0403936, 0.7122419], [120.2309036, 0.7928819], [120.2850236, 0.9859718], [120.3988236, 0.7911319], [120.5911436, 0.7568119], [120.6358436, 0.9393018], [120.8086036, 1.0280818], [120.8078136, 1.3253216], [120.9032936, 1.3557416], [121.2551435, 1.2300316], [121.4644735, 1.3059216], [121.4199235, 1.1862017], [121.5504435, 1.0650517], [122.1957035, 1.0386317], [122.0154935, 0.9090718], [121.8637235, 0.9906218], [121.2181435, 0.7909219], [121.1656735, 0.6692519], [121.3294835, 0.575332], [121.3366935, 0.473822], [121.0808235, 0.3978821], [120.6465636, 0.521632], [120.3731836, 0.461272], [120.1351936, 0.1923422], [120.0325636, -0.0770577], [120.0844336, -0.6890174], [120.3104936, -0.9661172], [120.4117336, -0.9244873], [120.5071436, -0.9971472], [120.6761736, -1.415197], [120.8226736, -1.353927], [121.0990635, -1.437957], [121.3358535, -1.0652172], [121.6338835, -0.8069973], [121.7193035, -0.9530672], [121.9469335, -0.9967372], [122.1013235, -0.9621772], [122.2021935, -0.7883373], [122.9606234, -0.7544073], [122.7443434, -0.6770474], [123.0577634, -0.5638974], [123.2629934, -0.5795874], [123.4384233, -0.7175174], [123.3517233, -1.0343472], [123.2571434, -1.0354672], [123.1032334, -0.8368573], [122.8039934, -0.9410572], [122.3897834, -1.495277], [121.8462435, -1.6979269], [121.6764835, -1.9460967], [121.3040235, -1.7936068], [121.3393135, -1.9857367], [121.4138635, -1.9123267], [121.5512435, -2.1679566], [121.8251835, -2.2939866], [122.0107135, -2.7196063], [122.3210034, -2.9205562], [122.2516434, -3.0271462], [122.4862834, -3.1797061], [122.3106934, -3.2728761], [122.2608634, -3.1004361], [121.6702235, -2.9004462], [121.7841435, -2.6416764], [121.4687835, -2.4153965], [121.1054635, -2.4002765], [121.1076235, -2.2807666], [120.7431636, -2.2418666], [120.4200936, -1.9789567], [120.2897736, -2.0387167], [120.0730836, -1.9479967], [119.8703237, -2.0184767], [119.8719637, -1.7828068], [119.6723237, -1.5463869], [119.6843537, -1.442607], [119.4275137, -1.339227], [119.5932537, -1.1249972], [119.5611737, -0.8495073]]], [[[121.6690035, -0.5746474], [121.7556835, -0.4262575], [121.9148135, -0.4415275], [121.8855035, -0.5397874], [121.7355035, -0.4961275], [121.6690035, -0.5746474]]], [[[121.9756235, -0.4226675], [121.8590835, -0.3782675], [122.0590035, -0.3479275], [121.9756235, -0.4226675]]], [[[122.3832734, -0.3653275], [122.2283234, -0.2136076], [122.3829734, -0.2831576], [122.3832734, -0.3653275]]], [[[123.1227134, -3.6115559], [123.0432134, -3.5941059], [123.1599234, -3.5593559], [123.1227134, -3.6115559]]], [[[122.8816534, -1.6004769], [122.7873634, -1.447387], [122.9115034, -1.1802971], [123.1884634, -1.1500071], [123.2469934, -1.390077], [123.3642433, -1.2274471], [123.5550333, -1.2771871], [123.4570133, -1.517597], [123.2565034, -1.442247], [123.2422034, -1.6484769], [123.0992334, -1.6008769], [123.1847534, -1.514057], [123.1371234, -1.2987471], [122.8816534, -1.6004769]]], [[[123.4886633, -1.7064869], [123.5437133, -1.487547], [123.6125233, -1.6985269], [123.4886633, -1.7064869]]]]}}, {"type": "Feature", "properties": {"provinsi": "SULAWESI BARAT"}, "geometry": {"type": "Polygon", "coordinates": [[[119.5611737, -0.8495073], [119.5932537, -1.1249972], [119.4275137, -1.339227], [119.6843537, -1.442607], [119.6723237, -1.5463869], [119.8719637, -1.7828068], [119.8703237, -2.0184767], [119.6775037, -2.2795366], [119.7621337, -2.5828864], [119.7478237, -2.7143863], [119.5780137, -2.7535563], [119.6325237, -3.1097861], [119.3870037, -3.2172261], [119.4739837, -3.5018159], [119.3098737, -3.425916], [118.9934137, -3.5631259], [118.9065837, -3.5254359], [118.7782638, -3.0812762], [118.8811437, -2.8808463], [118.7700038, -2.8669763], [118.7572438, -2.7849663], [118.8234537, -2.6220264], [118.9240737, -2.6595864], [119.1380337, -2.4758765], [119.2123637, -1.9974067], [119.3625437, -1.8605568], [119.2816737, -1.6886869], [119.3032637, -1.2735071], [119.5611737, -0.8495073]]]}}, {"type": "Feature", "properties": {"provinsi": "SULAWESI SELATAN"}, "geometry": {"type": "MultiPolygon", "coordinates": [[[[120.9237536, -7.283284], [121.0636836, -7.301274], [120.7952336, -7.271734], [120.9237536, -7.283284]]], [[[120.7731036, -7.1180341], [120.6347536, -7.1293041], [120.6196036, -7.0055042], [120.7731036, -7.1180341]]], [[[120.4405636, -6.1927646], [120.4970236, -5.7690048], [120.5682936, -6.0561246], [120.4809336, -6.4891544], [120.4405636, -6.1927646]]], [[[119.4739837, -3.5018159], [119.3870037, -3.2172261], [119.6325237, -3.1097861], [119.5780137, -2.7535563], [119.7478237, -2.7143863], [119.7621337, -2.5828864], [119.6775037, -2.2795366], [119.8703237, -2.0184767], [120.0730836, -1.9479967], [120.2897736, -2.0387167], [120.4200936, -1.9789567], [120.7431636, -2.2418666], [121.1076235, -2.2807666], [121.1054635, -2.4002765], [121.4687835, -2.4153965], [121.7841435, -2.6416764], [121.6702235, -2.9004462], [121.3901635, -3.0148462], [121.0824635, -2.7732863], [121.0101936, -2.8664463], [121.0801335, -2.6996363], [120.7498936, -2.6223564], [120.1897136, -2.9752562], [120.2564136, -3.1613261], [120.4206836, -3.2645661], [120.4391236, -3.7462358], [120.3379136, -4.0922756], [120.3475036, -4.4253455], [120.4515736, -4.6571554], [120.3062536, -4.8678852], [120.2709636, -5.1421351], [120.4639536, -5.6078649], [120.3121136, -5.5071149], [120.1300236, -5.5882849], [119.9296837, -5.5468349], [119.7045137, -5.7027848], [119.4183637, -5.5603449], [119.3541737, -5.325765], [119.5245437, -4.9241452], [119.4819237, -4.7514953], [119.6359537, -4.3175155], [119.6329137, -3.9669757], [119.4526337, -3.7133958], [119.4739837, -3.5018159]]], [[[121.0999435, -7.397394], [121.0825235, -7.303874], [121.1655335, -7.349864], [121.0999435, -7.397394]]]]}}, {"type": "Feature", "properties": {"provinsi": "PAPUA TENGAH"}, "geometry": {"type": "Polygon", "coordinates": [[[134.8854923, -4.2524556], [135.0928823, -3.9664557], [135.0180923, -3.7186558], [135.1977623, -3.5956059], [135.0142523, -3.5988459], [134.9188123, -3.440336], [134.7270623, -3.360456], [134.6088424, -3.1276561], [134.5855024, -2.8048363], [134.6614324, -2.7562963], [134.6865523, -2.9669362], [134.8461823, -2.8985162], [134.8611223, -3.2499561], [135.1125923, -3.381786], [135.3476823, -3.389196], [135.5064823, -3.352746], [135.9237322, -2.9609062], [136.0113922, -2.7058563], [136.2044922, -2.8005863], [136.3392422, -3.0283462], [136.5714722, -3.0460162], [136.5672822, -3.2539761], [136.6656022, -3.2251461], [136.6678522, -3.1373161], [136.7455422, -3.2665961], [136.8505922, -3.2545261], [136.8984422, -3.406226], [136.9602421, -3.390536], [136.9031822, -3.1581261], [137.0406721, -3.2113061], [136.9506921, -3.2835961], [137.0033821, -3.317446], [137.1105121, -3.1335461], [137.3631721, -3.0689062], [137.8737521, -3.0808662], [138.0457721, -2.9847862], [138.0070321, -3.1847461], [138.079242, -3.2409761], [138.075252, -3.5865359], [138.267082, -3.6276259], [138.259362, -3.7743158], [138.353942, -3.8256458], [138.0012421, -3.8970657], [137.9255721, -4.1903556], [137.7358621, -4.1206756], [137.7336421, -4.2187956], [137.8505321, -4.2054956], [137.8770421, -4.2769055], [137.9707221, -4.2220556], [137.8326921, -4.5047954], [137.9242421, -4.5928554], [137.7695821, -4.6477354], [137.8966721, -4.7802153], [137.6778421, -5.2176851], [135.9278622, -4.4932654], [135.2077823, -4.4657554], [134.8854923, -4.2524556]]]}}, {"type": "Feature", "properties": {"provinsi": "PAPUA BARAT"}, "geometry": {"type": "MultiPolygon", "coordinates": [[[[133.4590225, -4.2510656], [133.3384425, -4.0999356], [133.5581724, -4.2397856], [133.4590225, -4.2510656]]], [[[133.7300224, -2.5562864], [133.7773524, -2.5869164], [133.7958724, -2.6478664], [133.79028089542814, -2.6534139264460124], [133.78320891652774, -2.6567278302671666], [133.7546424, -2.6569664], [133.7524624, -2.6200664], [133.6962724, -2.6130764], [133.7300224, -2.5562864]]], [[[133.8048724, -2.6465764], [133.7836424, -2.4895965], [133.8087424, -2.4709965], [133.8262830562623, -2.44527152847149], [133.82905262317095, -2.4471217940034746], [133.8588024, -2.4698565], [133.86042329141753, -2.46807960729579], [133.8633824, -2.4700565], [133.86746640049597, -2.4603586403013633], [133.8715824, -2.4558465], [133.8993024, -2.4810565], [133.9725024, -2.4792165], [133.9485924, -2.3958365], [133.95210388236796, -2.3941834076396784], [133.9845924, -2.3902465], [133.9847092481783, -2.3888679336684566], [133.9880724, -2.3893365], [133.9865524, -2.3661765], [133.9490224, -2.3248565], [133.9998524, -2.2409966], [133.9476324, -2.0816367], [133.6199324, -2.2310466], [133.1793225, -2.1942366], [132.9604525, -2.2914166], [132.6414325, -2.2861766], [132.5988225, -2.1988066], [132.6941225, -2.0704767], [132.6302225, -1.9091168], [132.7365725, -1.8488568], [132.9155525, -1.2866171], [133.0220225, -1.351467], [133.2522025, -1.1829771], [133.4324225, -1.1781071], [133.4858325, -0.7405973], [133.9712924, -0.7199074], [134.1345524, -0.8702273], [134.0117024, -0.9635072], [134.2754524, -1.336527], [134.0685324, -1.6752069], [134.1172424, -2.1602766], [134.4590524, -2.8631463], [134.5327124, -2.4492765], [134.6412724, -2.5058964], [134.6614324, -2.7562963], [134.5855024, -2.8048363], [134.6088424, -3.1276561], [134.7270623, -3.360456], [134.9188123, -3.440336], [135.0142523, -3.5988459], [135.1977623, -3.5956059], [135.0180923, -3.7186558], [135.0928823, -3.9664557], [134.8854923, -4.2524556], [134.6293024, -4.1175456], [134.7020823, -4.0691257], [134.6618324, -3.9832657], [134.9622823, -3.9479757], [134.6773323, -3.9195857], [134.5061924, -4.0437057], [134.3500124, -3.8944657], [134.3479424, -3.9646757], [134.2717724, -3.9474757], [134.3026324, -4.0490057], [134.1170524, -3.9065357], [134.1912624, -3.8330658], [134.1386824, -3.7453858], [133.9440024, -3.8457258], [133.8363824, -3.5594059], [133.8166224, -3.7266858], [133.6908324, -3.6709559], [133.6212124, -3.477036], [133.6993324, -3.405876], [133.6647724, -3.2453461], [133.8750324, -3.0474162], [133.8376724, -2.9357562], [133.6490124, -3.1209261], [133.6324124, -3.416076], [133.4950425, -3.374996], [133.5975424, -3.5292259], [133.4087625, -3.6908458], [133.4568425, -3.8591958], [133.2520225, -4.0717856], [132.9172125, -4.0831356], [132.7328425, -3.6827358], [132.9382825, -3.5491959], [132.8169625, -3.444236], [132.8083025, -3.2606161], [132.6644425, -3.316016], [132.4701325, -3.0306762], [132.2856426, -2.9283062], [132.0875426, -2.9595462], [131.9993026, -2.8269463], [132.0562926, -2.7812963], [131.9514026, -2.7721463], [132.2324326, -2.6542564], [132.5910025, -2.6949164], [132.7296425, -2.8035863], [133.2121725, -2.4120665], [133.3743125, -2.5071964], [133.4117625, -2.6951864], [133.6419024, -2.5327464], [133.6624324, -2.6581764], [133.7682524, -2.6637364], [133.78320891652774, -2.6567278302671666], [133.7869724, -2.6566964], [133.79028089542814, -2.6534139264460124], [133.8048724, -2.6465764]]], [[[133.8230124, -2.4430865], [133.7754224, -2.4816165], [133.7291924, -2.4407265], [133.8320824, -2.4090065], [133.8696024, -2.4552865], [133.86746640049597, -2.4603586403013633], [133.86042329141753, -2.46807960729579], [133.82905262317095, -2.4471217940034746], [133.8264024, -2.4450965], [133.8262830562623, -2.44527152847149], [133.8230124, -2.4430865]]], [[[133.9486124, -2.3946065], [133.8413624, -2.3623265], [133.9367224, -2.3276365], [133.9865224, -2.3674765], [133.9847092481783, -2.3888679336684566], [133.9682624, -2.3865765], [133.95210388236796, -2.3941834076396784], [133.9486124, -2.3946065]]], [[[134.0840024, -3.9834357], [134.0987924, -3.9159457], [134.1871424, -4.0101157], [134.0840024, -3.9834357]]], [[[134.5609324, -2.4063165], [134.5069524, -2.3906665], [134.5755224, -2.3146765], [134.5609324, -2.4063165]]], [[[134.4032724, -2.0623367], [134.3487024, -2.1666266], [134.3626724, -2.0021467], [134.4032724, -2.0623367]]], [[[134.1763524, -1.9156567], [134.1474824, -1.8298368], [134.2395624, -1.7469168], [134.1763524, -1.9156567]]]]}}, {"type": "Feature", "properties": {"provinsi": "GORONTALO"}, "geometry": {"type": "Polygon", "coordinates": [[[121.3366935, 0.473822], [121.3294835, 0.575332], [121.1656735, 0.6692519], [121.2181435, 0.7909219], [121.8637235, 0.9906218], [122.0154935, 0.9090718], [122.1957035, 1.0386317], [122.4526634, 1.0314718], [122.8299334, 0.8194519], [122.9399934, 0.9579718], [123.1214934, 0.9248218], [123.2710834, 0.8026019], [123.2736434, 0.6981619], [123.5332133, 0.575192], [123.4736533, 0.3202621], [123.2675534, 0.3222821], [123.0628134, 0.505552], [122.3973634, 0.519642], [121.8126135, 0.4199021], [121.5237235, 0.549272], [121.3366935, 0.473822]]]}}, {"type": "Feature", "properties": {"provinsi": "RIAU"}, "geometry": {"type": "MultiPolygon", "coordinates": [[[[100.1811954, 0.7623319], [100.1217254, 0.8213919], [100.1660854, 1.1698017], [100.0534354, 1.3798916], [100.4344554, 1.5204315], [100.3903154, 1.7596414], [100.2804154, 1.8124614], [100.3726554, 2.2241011], [100.3219454, 2.547681], [100.3958254, 2.3205811], [100.5677054, 2.1557312], [100.7632253, 2.0862512], [100.7708153, 2.2798711], [101.0463053, 2.2915711], [101.3032153, 2.0421812], [101.3929653, 1.7133914], [101.7617853, 1.6595414], [102.1489552, 1.3772716], [102.2293852, 0.9953018], [102.4233052, 0.7998419], [102.5690152, 0.7392319], [102.9151452, 0.7131819], [103.1104951, 0.3849821], [103.3256151, 0.544652], [103.7099051, 0.3000121], [103.8090451, -0.0111777], [103.6140951, -0.0061177], [103.4555951, -0.1837676], [103.7782251, -0.3463375], [103.4213751, -0.5218875], [103.4411351, -0.7316974], [103.3527751, -0.7991673], [103.0036151, -0.7547173], [102.6321152, -1.1241972], [102.2782752, -0.9158173], [101.9861152, -0.8811073], [101.8235752, -0.9776172], [101.0668053, -0.5035075], [100.9922253, -0.3158376], [100.8449953, -0.3427775], [100.7457753, -0.0517777], [100.8638353, 0.0463523], [100.7789053, 0.0826722], [100.8430353, 0.2233522], [100.6858853, 0.1886122], [100.4670554, 0.3146121], [100.4610754, 0.4115721], [100.2761154, 0.4119421], [100.1981354, 0.626272], [100.2845454, 0.6895119], [100.1811954, 0.7623319]]], [[[102.5694052, 0.7676319], [102.4367152, 0.8258319], [102.4107452, 0.8919518], [102.7340252, 1.0223718], [103.0561051, 0.7813919], [103.0199151, 0.6856519], [102.8570552, 0.7938019], [102.5694052, 0.7676319]]], [[[102.8944752, 0.9608518], [102.7442252, 1.0389917], [102.6227752, 1.0184918], [102.7369952, 1.1549117], [102.8931952, 1.1252117], [103.1525251, 0.8484718], [102.8944752, 0.9608518]]], [[[102.4903852, 0.9764118], [102.4614452, 1.0819117], [102.5366552, 1.1297917], [102.6073252, 1.0050218], [102.4903852, 0.9764118]]], [[[102.2250552, 1.2429916], [102.2097452, 1.4014016], [102.2718152, 1.4185616], [102.4847752, 1.2383316], [102.4385652, 1.0712217], [102.4833552, 0.9524618], [102.3927752, 0.9133718], [102.2760552, 1.0055018], [102.2250552, 1.2429916]]], [[[102.1185552, 1.4602615], [102.0018452, 1.5957215], [102.4598452, 1.5184115], [102.5085252, 1.2623716], [102.2856552, 1.4329615], [102.1185552, 1.4602615]]], [[[101.4205453, 1.8201413], [101.4055053, 2.0210312], [101.7041853, 2.0965212], [101.7850853, 1.9415913], [101.7098853, 1.7444414], [101.5262253, 1.7036214], [101.4205453, 1.8201413]]], [[[103.2057651, 0.520122], [103.1377851, 0.568302], [103.2059051, 0.7023919], [103.3014551, 0.597382], [103.2057651, 0.520122]]]]}}, {"type": "Feature", "properties": {"provinsi": "PAPUA SELATAN"}, "geometry": {"type": "MultiPolygon", "coordinates": [[[[138.821332, -8.1453436], [138.897112, -8.3860535], [138.563462, -8.3524435], [138.678602, -8.1704036], [138.821332, -8.1453436]]], [[[137.7189521, -8.4122034], [137.6405721, -8.4221534], [137.6640321, -8.3015835], [137.8671921, -7.8527137], [138.220722, -7.4682139], [138.735982, -7.368654], [139.080522, -7.5681339], [138.993842, -7.8502337], [138.897192, -7.9020537], [138.910372, -8.0767736], [138.838232, -8.0733636], [138.802542, -8.1339636], [138.683782, -8.1471936], [138.438542, -8.3569835], [137.7189521, -8.4122034]]], [[[138.654382, -6.7447743], [138.796212, -6.8324642], [138.676382, -6.8677342], [138.654382, -6.7447743]]], [[[138.708712, -6.6331843], [138.814842, -6.6983243], [138.821092, -6.7772143], [138.847222, -6.7987843], [138.945102, -6.8031243], [138.847112, -6.8287842], [138.673972, -6.7247043], [138.708712, -6.6331843]]], [[[137.6778421, -5.2176851], [137.8966721, -4.7802153], [137.7695821, -4.6477354], [137.9242421, -4.5928554], [138.088932, -4.5667954], [138.192662, -4.7134753], [138.325742, -4.6675353], [138.400552, -4.8118653], [138.571152, -4.7934553], [138.589642, -4.6986953], [138.854602, -4.7016253], [139.051262, -4.8462053], [139.164602, -4.7417653], [139.077732, -4.9863152], [139.9874319, -5.0574951], [139.9188819, -5.2053251], [139.8203819, -5.1648351], [139.9433019, -5.2214951], [139.9833019, -5.0918051], [140.0457119, -5.1787151], [140.1203019, -5.1513051], [140.0600219, -5.0494552], [140.2357719, -5.0472252], [140.3876918, -5.2123751], [141.0006318, -5.344435], [140.9999718, -6.3223145], [140.8460918, -6.6841543], [140.9129218, -6.8637442], [141.0200418, -6.8923442], [141.0196218, -9.1255431], [140.8888118, -9.0824431], [139.9504219, -8.1015536], [139.3396719, -8.2059335], [139.2074019, -8.0970836], [138.907662, -8.2611535], [138.833902, -8.1230336], [138.861052, -8.0900436], [138.907242, -8.0876536], [138.927812, -8.0619036], [138.909122, -7.9326137], [139.012732, -7.8604537], [139.110202, -7.5701239], [138.684702, -7.230014], [138.705992, -7.0746941], [138.564532, -6.9329742], [138.940652, -6.8451642], [138.948922, -6.7976843], [138.830572, -6.7810743], [138.824442, -6.6967143], [138.420932, -6.3452445], [138.276722, -5.8410447], [138.066102, -5.7239948], [138.0454221, -5.5921649], [138.124992, -5.5327749], [137.8631121, -5.350095], [137.7350821, -5.371695], [137.6778421, -5.2176851]]]]}}, {"type": "Feature", "properties": {"provinsi": "DI YOGYAKARTA"}, "geometry": {"type": "Polygon", "coordinates": [[[110.0035245, -7.8883037], [110.1155545, -7.6737738], [110.2739545, -7.7005238], [110.4452245, -7.5411639], [110.4917745, -7.7667638], [110.7855845, -7.8167237], [110.7556345, -8.0243836], [110.8349345, -8.2030535], [110.0035245, -7.8883037]]]}}, {"type": "Feature", "properties": {"provinsi": "SUMATRA BARAT"}, "geometry": {"type": "MultiPolygon", "coordinates": [[[[99.2760855, -1.6416169], [99.2768055, -1.7462368], [99.2163955, -1.6401569], [99.2425055, -1.7959568], [99.1249955, -1.8083268], [98.8251555, -1.6156669], [98.5965155, -1.1988071], [98.6848255, -0.9595672], [98.9091955, -0.9092173], [99.2760855, -1.6416169]]], [[[100.1247654, -2.8358163], [100.0122154, -2.8435363], [99.9717854, -2.5137464], [100.2215054, -2.7499963], [100.1247654, -2.8358163]]], [[[99.8124754, -2.3048065], [99.8636354, -2.3891965], [99.6001754, -2.2831166], [99.5575354, -2.0515667], [99.6916354, -2.0765767], [99.8124754, -2.3048065]]], [[[100.2568654, -3.0504362], [100.1891454, -2.7909063], [100.4568554, -3.0149662], [100.4666454, -3.1471361], [100.3785954, -3.1692361], [100.4651054, -3.347086], [100.2568654, -3.0504362]]], [[[100.1811954, 0.7623319], [100.2845454, 0.6895119], [100.1981354, 0.626272], [100.2761154, 0.4119421], [100.4610754, 0.4115721], [100.4670554, 0.3146121], [100.6858853, 0.1886122], [100.8430353, 0.2233522], [100.7789053, 0.0826722], [100.8638353, 0.0463523], [100.7457753, -0.0517777], [100.8449953, -0.3427775], [100.9922253, -0.3158376], [101.0668053, -0.5035075], [101.8235752, -0.9776172], [101.8838552, -1.1333871], [101.6991853, -1.2738671], [101.6798053, -1.498057], [101.4765453, -1.6767269], [101.1345453, -1.6838469], [101.2928653, -2.2886666], [101.0223953, -2.4784465], [100.8248953, -2.1775966], [100.8684553, -1.9442967], [100.6383054, -1.6076869], [100.5668154, -1.334447], [100.4006054, -1.2708671], [100.3303254, -0.8589273], [99.8201854, -0.3007576], [99.7302154, -0.0210177], [99.3602955, 0.2284622], [99.1671555, 0.2281722], [99.5124355, 0.538592], [99.9083554, 0.472052], [99.9644754, 0.545912], [99.8308354, 0.6961119], [99.8366454, 0.8905218], [100.1811954, 0.7623319]]]]}}, {"type": "Feature", "properties": {"provinsi": "DKI JAKARTA"}, "geometry": {"type": "Polygon", "coordinates": [[[106.7249848, -6.0895646], [106.9700348, -6.0907146], [106.9178248, -6.3503045], [106.7798648, -6.3165245], [106.6868148, -6.1723746], [106.7249848, -6.0895646]]]}}, {"type": "Feature", "properties": {"provinsi": "MALUKU"}, "geometry": {"type": "MultiPolygon", "coordinates": [[[[128.2343029, -8.2713935], [128.1379329, -8.2741735], [128.0922329, -8.2069635], [128.2209129, -8.2103835], [128.2343029, -8.2713935]]], [[[130.9370927, -8.1256736], [131.1660827, -8.1188136], [130.7938327, -8.3446635], [130.9370927, -8.1256736]]], [[[128.1257329, -8.1534536], [128.0509229, -8.2336635], [127.818233, -8.1997835], [127.766493, -8.1080036], [128.1257329, -8.1534536]]], [[[129.7528128, -8.0548336], [129.5823328, -7.8918837], [129.6754628, -7.7860238], [129.8675828, -7.9063537], [129.7528128, -8.0548336]]], [[[126.0712131, -7.8875737], [125.8074131, -8.0068936], [125.9474231, -7.6619838], [126.1865531, -7.7270338], [126.6170731, -7.5575539], [126.842673, -7.7339538], [126.5490631, -7.8234737], [126.4640531, -7.9745637], [126.0712131, -7.8875737]]], [[[130.9674327, -7.7411138], [131.1198427, -7.6447738], [131.0256927, -7.7103138], [130.9674327, -7.7411138]]], [[[127.365393, -7.5009739], [127.476533, -7.5152639], [127.354643, -7.6504038], [127.365393, -7.5009739]]], [[[130.9724127, -7.5657139], [130.8333427, -7.5549339], [130.8583827, -7.5029339], [130.9724127, -7.5657139]]], [[[130.9690327, -7.4897839], [131.1619127, -7.405424], [131.1331527, -7.4618439], [130.9690327, -7.4897839]]], [[[128.6107829, -7.0620241], [128.6686229, -7.1607341], [128.6261129, -7.213974], [128.5251629, -7.1444541], [128.6107829, -7.0620241]]], [[[131.3668026, -3.9731557], [131.4227226, -3.9523357], [131.4495026, -4.0651757], [131.3668026, -3.9731557]]], [[[128.2988729, -3.6942358], [128.1262229, -3.7775158], [128.2326429, -3.6280559], [127.9984229, -3.7812058], [127.9225429, -3.6808958], [128.3387829, -3.5022159], [128.3556729, -3.6289559], [128.2613829, -3.6180759], [128.2988729, -3.6942358]]], [[[128.4492729, -3.5099559], [128.5695429, -3.5653359], [128.4207229, -3.6329459], [128.4492729, -3.5099559]]], [[[128.7335229, -3.6176759], [128.6638829, -3.6066259], [128.5660829, -3.4982959], [128.7301929, -3.5126959], [128.7335229, -3.6176759]]], [[[127.071063, -3.363196], [127.258693, -3.373636], [127.223463, -3.6595359], [126.6919331, -3.8613058], [126.1813831, -3.6125659], [126.0071831, -3.358006], [126.0174431, -3.1739461], [126.789113, -3.0592662], [127.111103, -3.2355661], [127.034653, -3.2654961], [127.071063, -3.363196]]], [[[127.487373, -3.298266], [127.625113, -3.307386], [127.656733, -3.366186], [127.487373, -3.298266]]], [[[129.5250128, -2.7738763], [130.0251028, -2.9993862], [130.3835027, -2.9876362], [130.5999927, -3.1475861], [130.6458827, -3.375866], [130.8051727, -3.407016], [130.8803527, -3.6135659], [130.8215527, -3.8700958], [130.0204628, -3.4839059], [129.9286728, -3.338116], [129.5247628, -3.298156], [129.5385928, -3.469446], [128.9349029, -3.356246], [128.9661729, -3.2262061], [128.8854529, -3.2035161], [128.6732229, -3.433206], [128.4720929, -3.459566], [128.2654529, -3.2025361], [128.1818329, -3.2308861], [128.1840929, -3.0650762], [128.0910429, -3.1304161], [127.9600929, -3.5281359], [127.8953629, -3.4898959], [127.9426429, -3.350996], [127.839583, -3.1633061], [128.1142429, -3.0637462], [128.0808129, -2.9609962], [128.1870529, -2.8670963], [129.0534028, -2.7960563], [129.1285928, -2.9692362], [129.5250128, -2.7738763]]], [[[127.838643, -3.0262362], [127.9915029, -2.9242262], [127.9439729, -3.0166462], [127.838643, -3.0262362]]], [[[131.2420027, -7.4708239], [131.4433726, -7.343174], [131.5370426, -7.1424441], [131.6591326, -7.1225441], [131.7468426, -7.2104541], [131.6327626, -7.253404], [131.6319026, -7.6221838], [131.3319226, -7.9536337], [131.3006026, -8.0225636], [131.2852726, -7.9242637], [131.1028027, -7.9960636], [131.1060027, -7.7064738], [131.2309427, -7.7195038], [131.1559327, -7.6719638], [131.2420027, -7.4708239]]], [[[131.9505126, -7.252394], [131.7136726, -7.1541441], [131.9573526, -7.1653841], [131.9505126, -7.252394]]], [[[134.6226624, -6.7557943], [134.7031223, -6.5787144], [134.7135323, -6.7266543], [134.6226624, -6.7557943]]], [[[134.5298224, -6.5820444], [134.2503024, -6.8894042], [134.1956324, -6.9318342], [134.0527024, -6.7722343], [134.1163624, -6.4485744], [134.2160624, -6.4899844], [134.1202124, -6.4249845], [134.1169624, -6.1605346], [134.5298224, -6.5820444]]], [[[134.6400824, -6.4771944], [134.7150523, -6.4588144], [134.7639623, -6.5292444], [134.6817223, -6.5634644], [134.6400824, -6.4771944]]], [[[134.5165124, -6.5315044], [134.5220324, -6.3684745], [134.5913624, -6.4642044], [134.5165124, -6.5315044]]], [[[134.7970923, -6.3886345], [134.8738023, -6.2861745], [134.8452123, -6.4764444], [134.7970923, -6.3886345]]], [[[134.4582924, -6.2757845], [134.5332724, -6.3413845], [134.4822124, -6.4476944], [134.3615324, -6.3648045], [134.4582924, -6.2757845]]], [[[134.1146624, -6.1007546], [134.1414324, -6.0130647], [134.2267924, -6.0161947], [134.2325324, -6.1267746], [134.3372724, -6.2265846], [134.2949124, -6.2861945], [134.1146624, -6.1007546]]], [[[134.2864324, -6.1414846], [134.2800224, -6.0480846], [134.4392824, -6.0145447], [134.5361924, -5.9186747], [134.7825423, -6.0935846], [134.7291223, -6.3016745], [134.6150124, -6.3716645], [134.2864324, -6.1414846]]], [[[134.7337323, -5.9790747], [134.6291524, -5.9177447], [134.7200523, -5.8333648], [134.7337323, -5.9790747]]], [[[134.3411324, -6.0261647], [134.2940024, -5.9174747], [134.3955524, -5.7891048], [134.2116124, -5.7201548], [134.3434324, -5.7282648], [134.4523924, -5.5510749], [134.5274324, -5.5642749], [134.5358524, -5.6323549], [134.5457124, -5.6511648], [134.5518993976946, -5.652488937463343], [134.5723524, -5.6649448], [134.57258052152298, -5.665247869045922], [134.5726124, -5.6707748], [134.5944924, -5.7025848], [134.6184924, -5.7255448], [134.6373824, -5.7137848], [134.6854423, -5.7737248], [134.6894923, -5.8334348], [134.3411324, -6.0261647]]], [[[134.5465724, -5.6492448], [134.5422524, -5.6361349], [134.5309724, -5.5722949], [134.5534124, -5.5613649], [134.7640123, -5.6665448], [134.7004923, -5.7270348], [134.6392824, -5.7116848], [134.6161824, -5.7231748], [134.57258052152298, -5.665247869045922], [134.5725324, -5.6569048], [134.5518993976946, -5.652488937463343], [134.5465724, -5.6492448]]], [[[132.8142825, -5.8494747], [132.7410225, -5.9505547], [132.6349125, -5.6673048], [132.7105325, -5.5934049], [132.8142825, -5.8494747]]], [[[133.1021425, -5.5993749], [132.8523125, -5.9928947], [133.1539625, -5.272515], [133.1021425, -5.5993749]]], [[[134.5979524, -5.5679049], [134.5058024, -5.5527849], [134.4997424, -5.419995], [134.6987623, -5.5118549], [134.5979524, -5.5679049]]]]}}, {"type": "Feature", "properties": {"provinsi": "BENGKULU"}, "geometry": {"type": "MultiPolygon", "coordinates": [[[[102.1974252, -5.415525], [102.0863652, -5.340395], [102.1352952, -5.295405], [102.3812152, -5.385875], [102.3753652, -5.4854949], [102.1974252, -5.415525]]], [[[101.0223953, -2.4784465], [101.2928653, -2.2886666], [101.5557753, -2.4484665], [101.5420153, -2.5713864], [101.6773353, -2.5329764], [101.8592152, -2.7306163], [102.0638852, -2.7685163], [102.2676952, -3.0425962], [102.4708752, -3.0869862], [102.4942752, -3.2683661], [102.9884451, -3.368546], [102.9947451, -3.5248459], [102.9070952, -3.6164659], [102.8102152, -3.5299259], [102.7706052, -3.7081758], [102.6304452, -3.8094258], [102.9962151, -4.0185357], [102.9185852, -4.0931456], [103.0676351, -4.2568856], [103.4422151, -4.3301355], [103.4065651, -4.5007954], [103.4833951, -4.5766254], [103.6194851, -4.5313354], [103.6772751, -4.7175753], [103.7904851, -4.7790153], [103.5959951, -4.9223852], [103.3278451, -4.8081753], [102.3053152, -3.9867757], [102.2373452, -3.6838058], [101.6223453, -3.2447961], [101.3202253, -2.7355763], [101.0223953, -2.4784465]]]]}}, {"type": "Feature", "properties": {"provinsi": "LAMPUNG"}, "geometry": {"type": "Polygon", "coordinates": [[[103.5959951, -4.9223852], [103.7904851, -4.7790153], [103.8637651, -4.9174452], [104.335055, -4.8719052], [104.294145, -4.6572554], [104.384465, -4.3473755], [105.021595, -4.1661056], [105.3187749, -3.7325958], [105.5210949, -3.8392258], [105.6518349, -4.0871256], [105.8213949, -4.1571656], [105.8256249, -4.3517155], [105.9127849, -4.4386755], [105.9003649, -4.9232152], [105.7165349, -5.9041847], [105.2907549, -5.4467949], [105.167435, -5.6062049], [105.2114149, -5.7705248], [105.149365, -5.8089648], [104.708495, -5.5218249], [104.558665, -5.5140149], [104.729485, -5.9326747], [104.583985, -5.9430547], [103.9074351, -5.2327551], [103.9100351, -5.1260451], [103.5959951, -4.9223852]]]}}, {"type": "Feature", "properties": {"provinsi": "PAPUA"}, "geometry": {"type": "MultiPolygon", "coordinates": [[[[134.8916823, -1.1398371], [134.7943923, -1.0322372], [134.8410823, -0.9340272], [134.9413223, -0.9663472], [134.9265223, -1.0749972], [134.9805423, -1.0149872], [134.8916823, -1.1398371]]], [[[135.4715423, -0.7397173], [135.4888523, -0.8047273], [135.3633823, -0.6301874], [135.7446823, -0.7429973], [135.6425323, -0.8868573], [135.4715423, -0.7397173]]], [[[135.4983823, -1.6796969], [135.4531223, -1.6000069], [136.8985922, -1.7866568], [136.2521522, -1.8961668], [135.4983823, -1.6796969]]], [[[135.7731923, -0.8757573], [135.7205523, -0.7971273], [135.8114222, -0.6853374], [136.1604622, -1.0340772], [136.3854322, -1.0824972], [136.1346322, -1.1996971], [135.8578122, -1.1665771], [135.7731923, -0.8757573]]], [[[136.0113922, -2.7058563], [136.2244922, -2.6113664], [136.3915322, -2.2210666], [136.7495422, -2.2524466], [137.1594421, -2.0957567], [137.2283921, -2.0565667], [137.0884521, -1.8514468], [137.1241221, -1.7763168], [137.9339221, -1.457877], [138.066442, -1.6007169], [138.682662, -1.8037268], [138.875392, -1.9698767], [139.7650119, -2.3622365], [140.1110519, -2.3193765], [140.3480018, -2.4623765], [140.3907718, -2.4016165], [140.6937118, -2.4782265], [140.7063918, -2.6287164], [141.0013218, -2.6044264], [141.0012418, -4.0195557], [140.6608418, -3.9853757], [140.6939818, -4.0471957], [140.5862718, -4.1142356], [140.4272818, -3.9311457], [140.4127718, -3.7820658], [140.5424218, -3.8282258], [140.5420018, -3.9665657], [140.7768818, -3.9603657], [140.8253018, -3.8684958], [140.7021918, -3.8861957], [140.6878818, -3.7933558], [140.3212019, -3.7435758], [140.2703019, -3.6699659], [140.0013619, -3.7010558], [139.7561119, -3.5104559], [139.5956719, -3.7225858], [139.4734019, -3.459536], [139.140362, -3.425776], [139.065462, -3.2763861], [138.872382, -3.422946], [138.909502, -3.2556561], [138.745662, -3.1776061], [138.662362, -3.309936], [138.584112, -3.2230561], [138.594392, -2.9613162], [138.524322, -2.9373662], [138.357412, -2.9431562], [138.244602, -3.0488962], [138.132632, -2.9922962], [138.079242, -3.2409761], [138.0070321, -3.1847461], [138.0457721, -2.9847862], [137.8737521, -3.0808662], [137.3631721, -3.0689062], [137.1105121, -3.1335461], [137.0033821, -3.317446], [136.9506921, -3.2835961], [137.0406721, -3.2113061], [136.9031822, -3.1581261], [136.9602421, -3.390536], [136.8984422, -3.406226], [136.8505922, -3.2545261], [136.7455422, -3.2665961], [136.6678522, -3.1373161], [136.6656022, -3.2251461], [136.5672822, -3.2539761], [136.5714722, -3.0460162], [136.3392422, -3.0283462], [136.2044922, -2.8005863], [136.0113922, -2.7058563]]]]}}, {"type": "Feature", "properties": {"provinsi": "KEPULAUAN RIAU"}, "geometry": {"type": "MultiPolygon", "coordinates": [[[[103.4631951, 0.6470019], [103.3575551, 0.7283119], [103.3772551, 0.8964818], [103.5096551, 0.7615919], [103.4631951, 0.6470019]]], [[[103.4385951, 0.9884918], [103.3276851, 1.0185518], [103.3507951, 1.1350417], [103.4385951, 0.9884918]]], [[[103.9656551, 0.9693718], [103.9391851, 0.9109318], [103.8342351, 1.0175518], [103.9656551, 0.9693718]]], [[[103.9445051, 1.0084218], [103.9224051, 1.1429017], [104.139375, 1.1686017], [104.132805, 1.0342917], [103.9445051, 1.0084218]]], [[[104.261735, 0.8003919], [104.254835, 0.6925619], [104.178625, 0.7769719], [104.261735, 0.8003919]]], [[[104.237585, 0.8638918], [104.181105, 0.7828519], [104.0779251, 0.9445918], [104.237585, 0.8638918]]], [[[104.258965, -0.4759975], [104.326385, -0.3490775], [104.326765, -0.4354375], [104.477515, -0.3356776], [104.599635, -0.4685875], [104.504495, -0.6436274], [104.440645, -0.5875874], [104.365685, -0.6838874], [104.258965, -0.4759975]]], [[[104.439975, -0.3231176], [104.391345, -0.2900776], [104.474965, -0.2778776], [104.439975, -0.3231176]]], [[[104.229735, 1.0529317], [104.343215, 1.1869417], [104.585405, 1.2267117], [104.653385, 0.9073118], [104.556645, 0.8137919], [104.438125, 0.9085218], [104.448215, 1.0540917], [104.333735, 0.9972918], [104.229735, 1.0529317]]], [[[104.528085, -0.2691676], [104.427215, -0.1833876], [104.561615, 0.0187623], [104.751955, -0.1896876], [104.825875, -0.1333877], [104.979075, -0.2815176], [104.836755, -0.3152476], [104.703595, -0.2047076], [104.528085, -0.2691676]]], [[[105.7867849, 2.9035208], [105.7253849, 2.8170308], [105.6962849, 3.0441407], [105.8288849, 2.9885608], [105.7867849, 2.9035208]]], [[[106.2035149, 3.1392907], [106.2296249, 3.2313506], [106.2852949, 3.0987907], [106.2035149, 3.1392907]]], [[[109.0342946, 2.484941], [108.9782146, 2.556561], [109.1166146, 2.522001], [109.0342946, 2.484941]]], [[[108.1022547, 3.8234503], [107.9737347, 4.0144402], [108.2194747, 4.2304801], [108.4023947, 3.9581803], [108.3967547, 3.8269403], [108.2960447, 3.6580704], [108.1520047, 3.6334804], [108.1152347, 3.7380504], [108.2540447, 3.7607104], [108.1022547, 3.8234503]]]]}}, {"type": "Feature", "properties": {"provinsi": "NUSA TENGGARA BARAT"}, "geometry": {"type": "MultiPolygon", "coordinates": [[[[116.107494, -8.8725032], [116.004264, -8.9029832], [115.823544, -8.7630633], [116.078284, -8.7290833], [116.032714, -8.4459234], [116.098704, -8.3626935], [116.349474, -8.2113235], [116.7181439, -8.3483035], [116.494644, -8.8142232], [116.5698339, -8.8913232], [116.435844, -8.9198032], [116.472214, -8.8273832], [116.410464, -8.8423432], [116.375704, -8.9555732], [116.107494, -8.8725032]]], [[[116.9484639, -9.0571231], [116.7391839, -8.9968531], [116.8125239, -8.8194132], [116.7589439, -8.6744633], [117.1055039, -8.3727835], [117.3931439, -8.4722534], [117.5670039, -8.4092734], [117.8038838, -8.7267733], [118.2740638, -8.6527033], [118.2271038, -8.5510134], [117.6916738, -8.2382635], [117.9238338, -8.0800536], [118.1466738, -8.1408736], [118.2799038, -8.3646535], [118.4615138, -8.2488435], [118.6457538, -8.2895135], [118.6611438, -8.5314934], [118.8001738, -8.2871535], [119.0041837, -8.3140435], [119.0357837, -8.6417833], [119.1844637, -8.5882833], [119.1278337, -8.7517333], [118.9078837, -8.6800833], [118.7120238, -8.7411233], [118.9094937, -8.7654433], [118.9039837, -8.8431532], [118.7497038, -8.7955132], [118.4123138, -8.8680032], [118.3969938, -8.6192033], [118.1269838, -8.8779432], [117.0570739, -9.1042331], [116.9484639, -9.0571231]]], [[[117.6854138, -8.1865636], [117.5282339, -8.3894834], [117.4706639, -8.3569035], [117.4822439, -8.1861136], [117.6854138, -8.1865636]]], [[[119.0710537, -8.1310536], [119.1236537, -8.1890436], [119.0505537, -8.2618035], [119.0009237, -8.1773736], [119.0710537, -8.1310536]]]]}}, {"type": "Feature", "properties": {"provinsi": "JAMBI"}, "geometry": {"type": "Polygon", "coordinates": [[[101.8235752, -0.9776172], [101.9861152, -0.8811073], [102.2782752, -0.9158173], [102.6321152, -1.1241972], [103.0036151, -0.7547173], [103.3527751, -0.7991673], [103.4411351, -0.7316974], [103.8083051, -1.0137272], [104.358615, -1.0185572], [104.490995, -1.6677969], [104.405515, -1.6292569], [103.5862251, -1.8616568], [103.5002851, -1.9598567], [103.5631151, -2.0421767], [103.4538051, -2.3596065], [103.2304651, -2.1357566], [103.2113051, -2.3202765], [102.8559352, -2.3335365], [102.7775152, -2.5539564], [102.5806452, -2.6783164], [102.2713052, -2.6244764], [102.0638852, -2.7685163], [101.8592152, -2.7306163], [101.6773353, -2.5329764], [101.5420153, -2.5713864], [101.5557753, -2.4484665], [101.2928653, -2.2886666], [101.1345453, -1.6838469], [101.4765453, -1.6767269], [101.6798053, -1.498057], [101.6991853, -1.2738671], [101.8838552, -1.1333871], [101.8235752, -0.9776172]]]}}, {"type": "Feature", "properties": {"provinsi": "BALI"}, "geometry": {"type": "MultiPolygon", "coordinates": [[[[114.9260141, -8.4723334], [114.5872741, -8.4012334], [114.4388141, -8.0947336], [114.8622541, -8.1964935], [115.1836441, -8.0616236], [115.710434, -8.3778635], [115.2699141, -8.6541133], [115.1706941, -8.8489332], [115.0873541, -8.8362332], [115.1646241, -8.7041833], [114.9260141, -8.4723334]]], [[[115.484704, -8.7602033], [115.563234, -8.6721633], [115.628584, -8.7699533], [115.484704, -8.7602033]]]]}}, {"type": "Feature", "properties": {"provinsi": "JAWA TIMUR"}, "geometry": {"type": "MultiPolygon", "coordinates": [[[[110.9000944, -8.2112535], [110.9534144, -8.0616636], [111.1115244, -8.0630636], [111.1543944, -7.9220337], [111.2971644, -7.8769337], [111.1823544, -7.6909338], [111.1503144, -7.260224], [111.4532544, -7.371354], [111.4553344, -7.257184], [111.6120144, -7.1384041], [111.5774744, -6.9170742], [111.6913944, -6.7541743], [111.9609344, -6.7605243], [112.1233843, -6.9025842], [112.5561343, -6.8469942], [112.6600843, -7.2078441], [112.8462943, -7.285614], [112.8887243, -7.6159238], [113.1504942, -7.7392338], [113.7510642, -7.7356738], [114.0465842, -7.6090138], [114.1011542, -7.7023438], [114.4530341, -7.8036137], [114.3523641, -8.5296934], [114.5953541, -8.7504433], [114.3449641, -8.7424933], [114.3731741, -8.6777533], [114.2488642, -8.5998033], [113.9610542, -8.6166633], [113.2377642, -8.2852135], [112.6513843, -8.4476934], [111.7950744, -8.2553435], [111.6832044, -8.3746635], [111.4264844, -8.2585635], [110.9000944, -8.2112535]]], [[[112.5944443, -5.8538247], [112.6152043, -5.7490248], [112.7262443, -5.7370548], [112.7183943, -5.8428647], [112.5944443, -5.8538247]]], [[[113.2992342, -8.4454434], [113.4101742, -8.4797134], [113.2689842, -8.4968934], [113.2992342, -8.4454434]]], [[[112.6916743, -7.1544841], [112.6826843, -7.0321941], [112.8579943, -6.8935242], [113.9075742, -6.8634142], [114.1236842, -6.9785842], [113.8918042, -7.0611941], [113.8862342, -7.1340741], [113.6067542, -7.1261141], [113.5127542, -7.253494], [112.6916743, -7.1544841]]], [[[115.3530341, -6.9418542], [115.4039841, -6.9879742], [115.2026941, -6.9369342], [115.2437141, -6.8280842], [115.571164, -6.9422742], [115.3530341, -6.9418542]]], [[[115.790294, -7.1156141], [115.901764, -7.1273741], [115.893424, -7.1924741], [115.755244, -7.1720941], [115.790294, -7.1156141]]]]}}, {"type": "Feature", "properties": {"provinsi": "PAPUA BARAT DAYA"}, "geometry": {"type": "MultiPolygon", "coordinates": [[[[129.7887928, -1.2072171], [129.7337828, -1.1913571], [129.9777028, -1.1705471], [129.7887928, -1.2072171]]], [[[129.8298328, -1.8293368], [130.3483027, -1.6697769], [130.4431627, -1.8266268], [130.3532827, -1.9193967], [130.4396927, -1.9826367], [130.1384527, -2.0555067], [129.7303728, -1.9004368], [129.8298328, -1.8293368]]], [[[130.6135627, -0.4849575], [130.4684327, -0.5197675], [130.5047027, -0.4387375], [130.6967827, -0.4481075], [130.6135627, -0.4849575]]], [[[130.6911427, -0.8907173], [130.4389827, -0.8733073], [130.4839827, -0.7893973], [130.9166827, -0.7830173], [130.6911427, -0.8907173]]], [[[130.7516327, -1.2370871], [130.6464227, -0.9545472], [131.0314927, -0.9125973], [131.0813227, -1.0331272], [130.9911027, -1.337087], [130.8559327, -1.343447], [130.7516327, -1.2370871]]], [[[130.2326327, -0.2017276], [130.3870827, -0.2302076], [130.4460027, -0.1904776], [130.2816227, -0.1123077], [130.7948927, -0.0061177], [131.1327527, -0.0705777], [131.3405626, -0.2871076], [131.2471527, -0.3798675], [131.1034127, -0.3081876], [130.9863227, -0.3577775], [130.6371027, -0.0935377], [130.7453127, -0.2915476], [130.9299727, -0.3299276], [130.7504027, -0.4430875], [130.6945127, -0.3000576], [130.5815927, -0.3175076], [130.5690627, -0.4036375], [130.5172827, -0.2414876], [130.3370827, -0.2651876], [130.2326327, -0.2017276]]], [[[131.7409526, -1.454727], [131.7325726, -1.508837], [131.6619926, -1.5457469], [131.5869226, -1.484107], [131.7152826, -1.427797], [131.7409526, -1.454727]]], [[[133.4858325, -0.7405973], [133.4324225, -1.1781071], [133.2522025, -1.1829771], [133.0220225, -1.351467], [132.9155525, -1.2866171], [132.7365725, -1.8488568], [132.6302225, -1.9091168], [132.6941225, -2.0704767], [132.5988225, -2.1988066], [132.3164626, -2.2836766], [132.0399826, -2.0708067], [132.0878126, -2.0299967], [131.9743226, -1.9726067], [131.9215726, -1.8137068], [132.0270126, -1.7143769], [131.9174926, -1.7197668], [131.8536626, -1.5694769], [131.7130326, -1.5792869], [131.7453026, -1.494437], [131.7458326, -1.461027], [131.7394626, -1.442527], [131.7178026, -1.424977], [131.4451626, -1.506867], [131.3547226, -1.3190571], [131.2818626, -1.504137], [130.9452327, -1.441967], [131.2490327, -1.0827772], [131.2356527, -0.8303973], [131.8442326, -0.7074774], [132.1604526, -0.4341075], [132.4201925, -0.3444875], [132.9545025, -0.4538775], [133.4858325, -0.7405973]]]]}}, {"type": "Feature", "properties": {"provinsi": "SUMATRA UTARA"}, "geometry": {"type": "MultiPolygon", "coordinates": [[[[97.5131456, 0.9057318], [97.0589157, 1.4061216], [97.2826256, 1.4254615], [97.3500956, 1.5414815], [97.4885356, 1.4733215], [97.6883356, 1.1799717], [97.9197456, 1.0247918], [97.8845856, 0.607162], [97.7097356, 0.561342], [97.5131456, 0.9057318]]], [[[98.3595656, -0.5464574], [98.4407455, -0.2455476], [98.5060155, -0.5431674], [98.3595656, -0.5464574]]], [[[98.3455256, -0.0395277], [98.3808356, 0.0077523], [98.4708555, -0.0943677], [98.5354055, -0.3522575], [98.3455256, -0.0395277]]], [[[98.6012855, 0.0932622], [98.5251455, 0.1416522], [98.8540155, 0.1162122], [98.6012855, 0.0932622]]], [[[98.2530156, 4.2899201], [98.1729356, 4.1125002], [98.5413555, 4.0121602], [98.7063055, 3.7722804], [99.7572054, 3.1680107], [99.9921454, 2.9400308], [99.9848654, 2.7580509], [100.2203154, 2.7044209], [100.3219454, 2.547681], [100.3726554, 2.2241011], [100.2804154, 1.8124614], [100.3903154, 1.7596414], [100.4344554, 1.5204315], [100.0534354, 1.3798916], [100.1660854, 1.1698017], [100.1217254, 0.8213919], [100.1811954, 0.7623319], [99.8366454, 0.8905218], [99.8308354, 0.6961119], [99.9644754, 0.545912], [99.9083554, 0.472052], [99.5124355, 0.538592], [99.1671555, 0.2281722], [99.0583455, 0.7419719], [98.7299855, 1.5293615], [98.8275755, 1.6735514], [98.1273056, 2.1695112], [98.1965656, 2.3132411], [98.0813156, 2.518281], [98.1091456, 2.7770709], [97.9492756, 2.8948108], [97.9821856, 3.1160707], [97.9111556, 3.2518406], [98.0292556, 3.3307506], [97.8005056, 3.7225604], [97.9001956, 3.9093803], [98.0826556, 3.9539003], [98.0720256, 4.2504001], [98.2530156, 4.2899201]]]]}}, {"type": "Feature", "properties": {"provinsi": "SULAWESI TENGGARA"}, "geometry": {"type": "MultiPolygon", "coordinates": [[[[121.8420335, -5.335025], [121.8409835, -5.1079651], [121.9578235, -5.0603951], [122.0616035, -5.2047151], [122.0464035, -5.4541849], [121.9466335, -5.4839149], [121.8420335, -5.335025]]], [[[121.0101936, -2.8664463], [121.0824635, -2.7732863], [121.3901635, -3.0148462], [121.6702235, -2.9004462], [122.2608634, -3.1004361], [122.3106934, -3.2728761], [122.3804834, -3.448536], [122.2805634, -3.364286], [122.2789434, -3.5531359], [122.1954635, -3.6077159], [122.4438634, -3.7505558], [122.5261234, -3.8949557], [122.6657334, -3.8970757], [122.5385634, -3.9677557], [122.6584734, -4.0071157], [122.6790434, -4.1589856], [122.8543634, -4.0704956], [122.8917734, -4.3983455], [122.8212434, -4.4434655], [122.6739334, -4.3265955], [122.7405734, -4.5099754], [122.5891034, -4.3965355], [122.2196934, -4.4791354], [122.0665735, -4.5866254], [122.0931035, -4.8246253], [122.0229235, -4.8927552], [121.6842535, -4.8510453], [121.4703735, -4.6720353], [121.6089835, -4.0663357], [121.3449835, -3.9872757], [120.8804636, -3.5291259], [120.8645036, -3.435646], [121.0558636, -3.1844561], [121.0896735, -2.9227162], [121.0101936, -2.8664463]]], [[[122.3312734, -5.395735], [122.2662334, -5.326715], [122.3817934, -5.0878351], [122.3182834, -4.8314753], [122.6976934, -4.6164054], [122.7661034, -4.8986652], [122.5883234, -5.1602151], [122.6400134, -5.355885], [122.5204934, -5.438005], [122.5242634, -5.276525], [122.4629634, -5.403195], [122.3841134, -5.320865], [122.3312734, -5.395735]]], [[[122.5733734, -5.5363849], [122.6558834, -5.323715], [122.8113434, -5.2210851], [122.7473434, -5.2170851], [122.7522534, -5.0318652], [122.8675234, -4.5257854], [123.0799334, -4.3672155], [123.2130434, -4.8586552], [123.1386734, -4.7225753], [123.0279534, -4.7637253], [122.9211034, -5.1746851], [123.0427134, -5.1415751], [123.2179634, -5.300955], [122.8718834, -5.4547149], [122.8956334, -5.5645749], [122.7847234, -5.7024448], [122.7020234, -5.6302249], [122.6366934, -5.6951448], [122.5733734, -5.5363849]]], [[[123.5931633, -5.386115], [123.5328633, -5.2477751], [123.6446633, -5.296385], [123.5931633, -5.386115]]], [[[123.0883534, -4.7965253], [123.1135134, -4.8472953], [123.0389534, -4.8331253], [123.0883534, -4.7965253]]], [[[122.9412234, -4.1033356], [123.0128734, -3.9781357], [123.2585534, -4.0927056], [123.1205434, -4.2609856], [122.9412234, -4.1033356]]], [[[123.9356133, -5.7781248], [123.9042433, -5.7198348], [123.9959933, -5.7700948], [123.9356133, -5.7781248]]]]}}, {"type": "Feature", "properties": {"provinsi": "KALIMANTAN SELATAN"}, "geometry": {"type": "MultiPolygon", "coordinates": [[[[114.3520441, -3.463546], [114.5976841, -2.8155963], [114.7621741, -2.7201863], [114.9349041, -2.4415865], [115.2964641, -2.2163166], [115.416114, -2.0127767], [115.441024, -1.9423167], [115.3083041, -1.8486168], [115.3909941, -1.5204869], [115.758754, -1.3125771], [115.618894, -1.487857], [115.728004, -1.7969668], [115.694914, -2.0403567], [115.807584, -2.0613567], [115.835494, -2.3898565], [116.162484, -2.3065665], [116.5552739, -2.4088365], [116.510924, -2.5617464], [116.316634, -2.5309064], [116.409194, -2.5899664], [116.269854, -3.0026362], [116.149574, -2.9355062], [116.140414, -2.8322663], [116.088694, -2.9876762], [116.267034, -3.1107461], [116.031054, -3.364386], [115.966054, -3.6099959], [114.6420641, -4.1746556], [114.6148841, -3.6486559], [114.3520441, -3.463546]]], [[[116.100074, -4.0603857], [116.002384, -3.6379059], [116.113934, -3.308106], [116.257454, -3.2099761], [116.309974, -3.9152257], [116.100074, -4.0603857]]], [[[116.402954, -3.5952359], [116.362484, -3.6521859], [116.313384, -3.5513359], [116.408624, -3.360686], [116.402954, -3.5952359]]]]}}, {"type": "Feature", "properties": {"provinsi": "ACEH"}, "geometry": {"type": "MultiPolygon", "coordinates": [[[[95.3253858, 5.7727893], [95.2169058, 5.9071293], [95.3482958, 5.8866693], [95.3253858, 5.7727893]]], [[[95.8040458, 2.6354709], [95.6921458, 2.7740409], [95.7867858, 2.9260108], [96.0918858, 2.7486109], [96.1078858, 2.6358909], [96.4534057, 2.476021], [96.4979557, 2.3627211], [96.3445757, 2.3414311], [96.0802458, 2.566681], [95.8040458, 2.6354709]]], [[[97.1778657, 2.2340311], [97.3011856, 2.2141411], [97.3411856, 2.0553612], [97.1127157, 2.2155411], [97.1778657, 2.2340311]]], [[[98.2530156, 4.2899201], [98.0720256, 4.2504001], [98.0826556, 3.9539003], [97.9001956, 3.9093803], [97.8005056, 3.7225604], [98.0292556, 3.3307506], [97.9111556, 3.2518406], [97.9821856, 3.1160707], [97.9492756, 2.8948108], [98.1091456, 2.7770709], [98.0813156, 2.518281], [98.1965656, 2.3132411], [98.1273056, 2.1695112], [97.9521856, 2.2697911], [97.7860456, 2.2314011], [97.6678956, 2.3911711], [97.5918456, 2.8807108], [97.3643156, 2.9958207], [96.8795557, 3.6773304], [96.5022857, 3.7464404], [95.5404158, 4.6564799], [95.2184658, 5.2835296], [95.1935458, 5.5270095], [95.4322858, 5.6566094], [95.6107058, 5.6277794], [95.8883958, 5.5023295], [96.0818658, 5.2921496], [96.3929657, 5.2096696], [96.8591557, 5.2751596], [97.2026857, 5.1426297], [97.4971056, 5.2494696], [97.9036656, 4.8910098], [97.9858356, 4.534], [98.2872156, 4.41745], [98.2530156, 4.2899201]]]]}}, {"type": "Feature", "properties": {"provinsi": "KALIMANTAN TENGAH"}, "geometry": {"type": "Polygon", "coordinates": [[[110.7332145, -2.9964462], [111.1738644, -2.6877364], [111.1155844, -2.3274765], [111.0251144, -2.2260466], [111.1014444, -1.9886167], [110.9647244, -1.9098068], [111.0220644, -1.7135869], [110.8865444, -1.6002569], [111.2000144, -1.474867], [111.5493944, -1.2072671], [111.6413544, -0.9678772], [112.0833943, -0.7010274], [112.1754143, -0.7255674], [112.2158043, -0.6130674], [112.3107943, -0.7214274], [112.5624843, -0.6950474], [113.1310143, -0.4522175], [113.2181642, -0.5061675], [113.2204942, -0.3335376], [113.4432042, -0.0640177], [113.2871842, 0.2491521], [113.5533342, 0.3330721], [113.8418342, 0.6577419], [114.1230842, 0.6953619], [114.2030842, 0.540072], [114.3641041, 0.530232], [114.6584341, 0.6985419], [114.9855541, 0.7316619], [115.1244841, 0.3699921], [114.9025941, 0.3177221], [114.7089141, 0.0739822], [114.8924041, -0.0258777], [114.9810541, -0.2754876], [115.1659941, -0.0871777], [115.3089641, -0.0804577], [115.2336441, -0.3633375], [115.2904441, -0.5554474], [115.3809341, -0.5722474], [115.2881541, -0.7950673], [115.3764441, -0.8754873], [115.554454, -0.8598373], [115.766434, -1.1376971], [115.841994, -1.0963372], [115.758754, -1.3125771], [115.3909941, -1.5204869], [115.3083041, -1.8486168], [115.441024, -1.9423167], [115.416114, -2.0127767], [115.2964641, -2.2163166], [114.9349041, -2.4415865], [114.7621741, -2.7201863], [114.5976841, -2.8155963], [114.3520441, -3.463546], [114.0473442, -3.319246], [113.6278442, -3.465006], [113.5995242, -3.1657661], [113.3366442, -3.2747561], [113.0469943, -2.9740062], [112.9453843, -3.1023061], [113.0093643, -3.1601761], [112.5632343, -3.446816], [112.2564243, -3.313596], [111.8408344, -3.5390059], [111.7718644, -3.5093559], [111.8249744, -3.0506162], [111.7178344, -2.8470063], [111.5547144, -3.0109662], [111.4120944, -2.9034562], [110.9774744, -3.0662262], [110.7332145, -2.9964462]]]}}, {"type": "Feature", "properties": {"provinsi": "PAPUA PEGUNUNGAN"}, "geometry": {"type": "Polygon", "coordinates": [[[137.9242421, -4.5928554], [137.8326921, -4.5047954], [137.9707221, -4.2220556], [137.8770421, -4.2769055], [137.8505321, -4.2054956], [137.7336421, -4.2187956], [137.7358621, -4.1206756], [137.9255721, -4.1903556], [138.0012421, -3.8970657], [138.353942, -3.8256458], [138.259362, -3.7743158], [138.267082, -3.6276259], [138.075252, -3.5865359], [138.079242, -3.2409761], [138.132632, -2.9922962], [138.244602, -3.0488962], [138.357412, -2.9431562], [138.524322, -2.9373662], [138.594392, -2.9613162], [138.584112, -3.2230561], [138.662362, -3.309936], [138.745662, -3.1776061], [138.909502, -3.2556561], [138.872382, -3.422946], [139.065462, -3.2763861], [139.140362, -3.425776], [139.4734019, -3.459536], [139.5956719, -3.7225858], [139.7561119, -3.5104559], [140.0013619, -3.7010558], [140.2703019, -3.6699659], [140.3212019, -3.7435758], [140.6878818, -3.7933558], [140.7021918, -3.8861957], [140.8253018, -3.8684958], [140.7768818, -3.9603657], [140.5420018, -3.9665657], [140.5424218, -3.8282258], [140.4127718, -3.7820658], [140.4272818, -3.9311457], [140.5862718, -4.1142356], [140.6939818, -4.0471957], [140.6608418, -3.9853757], [141.0012418, -4.0195557], [141.0006318, -5.344435], [140.3876918, -5.2123751], [140.2357719, -5.0472252], [140.0600219, -5.0494552], [140.1203019, -5.1513051], [140.0457119, -5.1787151], [139.9833019, -5.0918051], [139.9433019, -5.2214951], [139.8203819, -5.1648351], [139.9188819, -5.2053251], [139.9874319, -5.0574951], [139.077732, -4.9863152], [139.164602, -4.7417653], [139.051262, -4.8462053], [138.854602, -4.7016253], [138.589642, -4.6986953], [138.571152, -4.7934553], [138.400552, -4.8118653], [138.325742, -4.6675353], [138.192662, -4.7134753], [138.088932, -4.5667954], [137.9242421, -4.5928554]]]}}, {"type": "Feature", "properties": {"provinsi": "KEPULAUAN BANGKA BELITUNG"}, "geometry": {"type": "MultiPolygon", "coordinates": [[[[105.3986449, -2.1265166], [105.3010349, -2.1542666], [105.108715, -2.0228067], [105.3871749, -1.8010568], [105.3939249, -1.6064869], [105.6049849, -1.5296769], [105.7170149, -1.6541469], [105.6550649, -1.7453868], [105.8088349, -1.8135968], [105.7202549, -1.5419369], [105.8882349, -1.501797], [106.0476649, -1.6010569], [106.2995049, -2.4207865], [106.8405548, -2.5719864], [106.7087548, -2.6429264], [106.5904848, -2.9193762], [106.7382348, -3.0048762], [106.7364048, -3.0866862], [106.5138448, -3.1133061], [106.4296348, -2.9744962], [105.9497649, -2.8186663], [105.9345449, -2.4805265], [105.8033149, -2.3672565], [105.7847749, -2.1660566], [105.5394649, -2.0793467], [105.3986449, -2.1265166]]], [[[106.8463948, -2.9183962], [106.8828448, -3.0295662], [106.7177448, -2.9697962], [106.8463948, -2.9183962]]], [[[107.4266248, -2.9293062], [107.3804048, -2.8490963], [107.4683748, -2.8227663], [107.4266248, -2.9293062]]], [[[107.6664247, -3.2137861], [107.5949947, -3.2244661], [107.6001147, -2.9326162], [107.5290147, -2.9208562], [107.6583047, -2.5595764], [107.9892147, -2.5723764], [108.2700547, -2.7508863], [108.2941547, -2.8787663], [108.0769347, -3.2461461], [107.9854347, -3.2714261], [107.8423747, -3.0633862], [107.8367147, -3.1568861], [107.6664247, -3.2137861]]]]}}, {"type": "Feature", "properties": {"provinsi": "SUMATRA SELATAN"}, "geometry": {"type": "MultiPolygon", "coordinates": [[[[102.0638852, -2.7685163], [102.2713052, -2.6244764], [102.5806452, -2.6783164], [102.7775152, -2.5539564], [102.8559352, -2.3335365], [103.2113051, -2.3202765], [103.2304651, -2.1357566], [103.4538051, -2.3596065], [103.5631151, -2.0421767], [103.5002851, -1.9598567], [103.5862251, -1.8616568], [104.405515, -1.6292569], [104.490995, -1.6677969], [104.525575, -1.7117869], [104.471675, -1.8646868], [104.504115, -1.9685167], [104.577505, -2.0054267], [104.611275, -2.0057567], [104.655905, -1.9645167], [104.827555, -2.0038267], [104.898695, -2.1046167], [104.701445, -2.3613965], [104.901425, -2.2792266], [105.045645, -2.3763665], [105.6212249, -2.3911165], [105.6105449, -2.5976564], [105.7820549, -2.6897964], [105.8154349, -2.9209162], [106.0473649, -2.9952362], [106.0967449, -3.2380361], [105.9167449, -3.384266], [105.8218649, -3.6377259], [105.9607949, -3.8244658], [105.8213949, -4.1571656], [105.6518349, -4.0871256], [105.5210949, -3.8392258], [105.3187749, -3.7325958], [105.021595, -4.1661056], [104.384465, -4.3473755], [104.294145, -4.6572554], [104.335055, -4.8719052], [103.8637651, -4.9174452], [103.7904851, -4.7790153], [103.6772751, -4.7175753], [103.6194851, -4.5313354], [103.4833951, -4.5766254], [103.4065651, -4.5007954], [103.4422151, -4.3301355], [103.0676351, -4.2568856], [102.9185852, -4.0931456], [102.9962151, -4.0185357], [102.6304452, -3.8094258], [102.7706052, -3.7081758], [102.8102152, -3.5299259], [102.9070952, -3.6164659], [102.9947451, -3.5248459], [102.9884451, -3.368546], [102.4942752, -3.2683661], [102.4708752, -3.0869862], [102.2676952, -3.0425962], [102.0638852, -2.7685163]]], [[[104.556325, -1.8553568], [104.639245, -1.9167767], [104.604505, -2.0003767], [104.500835, -1.9467067], [104.556325, -1.8553568]]]]}}, {"type": "Feature", "properties": {"provinsi": "BANTEN"}, "geometry": {"type": "MultiPolygon", "coordinates": [[[[105.2617249, -6.5217544], [105.170255, -6.6627643], [105.120705, -6.5902244], [105.2617249, -6.5217544]]], [[[106.7249848, -6.0895646], [106.6868148, -6.1723746], [106.7798648, -6.3165245], [106.4267048, -6.3478945], [106.4291248, -6.6802043], [106.5261648, -6.7678443], [106.3971248, -6.9784542], [105.9927649, -6.8143043], [105.5384449, -6.8741642], [105.2674249, -6.8441342], [105.2304049, -6.7560143], [105.3753249, -6.6545143], [105.4681149, -6.8279842], [105.6500649, -6.4811644], [105.7721249, -6.5164844], [105.8811349, -6.0767046], [106.0190949, -5.8910147], [106.1693449, -6.0276247], [106.3504248, -5.9641747], [106.4859448, -6.0478246], [106.6791148, -6.0127347], [106.7249848, -6.0895646]]]]}}, {"type": "Feature", "properties": {"provinsi": "SULAWESI UTARA"}, "geometry": {"type": "MultiPolygon", "coordinates": [[[[123.4736533, 0.3202621], [123.5332133, 0.575192], [123.2736434, 0.6981619], [123.2710834, 0.8026019], [123.1214934, 0.9248218], [123.9350933, 0.8357119], [124.2970933, 1.0097418], [124.3836133, 1.1799917], [124.5766032, 1.1881917], [124.5320632, 1.3527416], [124.8158132, 1.4583615], [124.8063232, 1.5760715], [124.9804532, 1.7483314], [125.1653532, 1.6881414], [125.2293532, 1.4630915], [125.0777432, 1.3664216], [124.8849032, 0.9713518], [124.6404232, 0.7925319], [124.5120132, 0.474392], [123.4736533, 0.3202621]]], [[[125.3734932, 2.6746509], [125.4323332, 2.8055308], [125.4316132, 2.6494809], [125.3734932, 2.6746509]]], [[[125.4984932, 3.4677905], [125.4269132, 3.7345504], [125.5569332, 3.6657104], [125.6761531, 3.4265205], [125.6062931, 3.3716206], [125.4984932, 3.4677905]]], [[[126.782063, 3.7498504], [126.753463, 3.8537703], [126.851133, 3.7536104], [126.782063, 3.7498504]]], [[[126.6915131, 3.9983902], [126.790913, 4.2154601], [126.6808531, 4.3344901], [126.738033, 4.54358], [126.856383, 4.48342], [126.911183, 4.2705401], [126.790593, 4.0173602], [126.6915131, 3.9983902]]]]}}, {"type": "Feature", "properties": {"provinsi": "KALIMANTAN UTARA"}, "geometry": {"type": "MultiPolygon", "coordinates": [[[[114.5651641, 1.4262215], [114.7050641, 1.6373114], [114.7061841, 1.8206813], [114.8812741, 1.9204013], [114.7410541, 2.1912112], [115.2492341, 2.509421], [115.0880041, 2.6162709], [115.1539241, 2.7928109], [115.0978341, 2.8281808], [115.2844941, 3.0474707], [115.3936141, 2.9796908], [115.561694, 3.1518307], [115.543034, 3.3578306], [115.657004, 3.4389605], [115.566414, 3.9202203], [115.877194, 4.39153], [116.072494, 4.2767001], [116.176804, 4.38082], [116.347904, 4.39029], [116.440274, 4.2884101], [116.5643139, 4.39131], [117.0208539, 4.3189701], [117.2475139, 4.37401], [117.4678239, 4.1735501], [117.5933339, 4.1723301], [117.5162139, 4.0993202], [117.4162139, 4.1401102], [117.4575639, 3.9299503], [117.7050738, 3.8590403], [117.7837238, 3.7549304], [117.6865038, 3.7667904], [117.8110938, 3.7025204], [117.6685339, 3.6156704], [117.4859739, 3.7167004], [117.4284139, 3.6247404], [117.0164339, 3.5956304], [117.2260939, 3.6036204], [117.2176239, 3.4927905], [117.5225739, 3.3006906], [117.3217639, 3.1627107], [117.4442739, 3.1616507], [117.4354839, 3.0518307], [117.6274339, 3.0513107], [117.5764839, 2.9812708], [117.6904938, 2.9585508], [117.6907338, 2.7854609], [117.9882338, 2.435141], [117.7469138, 2.3268711], [117.6128339, 2.519921], [117.3880739, 2.559801], [117.2296139, 2.479661], [117.2148339, 2.564701], [117.0484639, 2.548021], [116.9820739, 2.433041], [116.7950039, 2.509481], [116.7143639, 2.3913611], [116.503844, 2.454921], [116.477364, 2.2919311], [116.289844, 2.2356211], [116.347284, 2.1620812], [116.219904, 2.0925312], [116.161734, 1.7440914], [116.041414, 1.5566415], [115.764474, 1.2590616], [115.487454, 1.2524716], [115.3806741, 1.1178817], [115.0991941, 1.1991817], [114.9018141, 1.4190116], [114.7224841, 1.3133316], [114.5651641, 1.4262215]]], [[[117.2524339, 3.5877104], [117.5179039, 3.4818505], [117.2307639, 3.4967605], [117.2524339, 3.5877104]]], [[[117.5852239, 3.2932306], [117.5485739, 3.4423005], [117.6657839, 3.4152205], [117.6480939, 3.2410706], [117.5852239, 3.2932306]]], [[[117.5379139, 4.0263002], [117.6816638, 3.8879503], [117.4616639, 3.9300303], [117.4432839, 4.0057602], [117.5379139, 4.0263002]]], [[[117.7471638, 4.0457802], [117.6690639, 3.9664903], [117.5892739, 4.0800502], [117.6687739, 4.1440902], [117.7471638, 4.0457802]]], [[[117.9248238, 4.0610202], [117.6833138, 4.1666702], [117.9008638, 4.1666702], [117.9248238, 4.0610202]]]]}}, {"type": "Feature", "properties": {"provinsi": "KALIMANTAN TIMUR"}, "geometry": {"type": "MultiPolygon", "coordinates": [[[[113.8418342, 0.6577419], [113.9264842, 0.8414018], [113.8895542, 1.0475317], [114.1279142, 1.1567217], [114.2055242, 1.4102316], [114.3868641, 1.5186215], [114.5651641, 1.4262215], [114.7224841, 1.3133316], [114.9018141, 1.4190116], [115.0991941, 1.1991817], [115.3806741, 1.1178817], [115.487454, 1.2524716], [115.764474, 1.2590616], [116.041414, 1.5566415], [116.161734, 1.7440914], [116.219904, 2.0925312], [116.347284, 2.1620812], [116.289844, 2.2356211], [116.477364, 2.2919311], [116.503844, 2.454921], [116.7143639, 2.3913611], [116.7950039, 2.509481], [116.9820739, 2.433041], [117.0484639, 2.548021], [117.2148339, 2.564701], [117.2296139, 2.479661], [117.3880739, 2.559801], [117.6128339, 2.519921], [117.7469138, 2.3268711], [117.9882338, 2.435141], [118.0982338, 2.2846511], [118.0208038, 2.1979212], [117.6899038, 2.1809012], [117.7018538, 2.0359712], [117.8220738, 2.0110413], [117.9109638, 1.8211713], [118.9865337, 0.9853018], [118.7951138, 0.8017019], [118.3675338, 0.8062519], [118.0645838, 0.9035118], [117.8945438, 1.1231517], [118.0248638, 0.7774219], [117.9154538, 0.8362718], [117.7520238, 0.7563819], [117.5590739, 0.4176321], [117.5177239, -0.0315077], [117.4197439, -0.2129776], [117.4528739, -0.4624175], [117.2759739, -0.5769174], [117.2487839, -0.9071473], [116.8843539, -1.2765571], [116.8114539, -1.2818571], [116.7223039, -1.0389072], [116.7621339, -1.362087], [116.5558139, -1.447947], [116.5576339, -1.6019369], [116.246214, -1.7792968], [116.450264, -1.7730168], [116.457654, -2.0621767], [116.360384, -2.1105566], [116.400484, -2.2143666], [116.5872839, -2.1721566], [116.5552739, -2.4088365], [116.162484, -2.3065665], [115.835494, -2.3898565], [115.807584, -2.0613567], [115.694914, -2.0403567], [115.728004, -1.7969668], [115.618894, -1.487857], [115.758754, -1.3125771], [115.841994, -1.0963372], [115.766434, -1.1376971], [115.554454, -0.8598373], [115.3764441, -0.8754873], [115.2881541, -0.7950673], [115.3809341, -0.5722474], [115.2904441, -0.5554474], [115.2336441, -0.3633375], [115.3089641, -0.0804577], [115.1659941, -0.0871777], [114.9810541, -0.2754876], [114.8924041, -0.0258777], [114.7089141, 0.0739822], [114.9025941, 0.3177221], [115.1244841, 0.3699921], [114.9855541, 0.7316619], [114.6584341, 0.6985419], [114.3641041, 0.530232], [114.2030842, 0.540072], [114.1230842, 0.6953619], [113.8418342, 0.6577419]]], [[[117.3751339, -0.7178174], [117.4355739, -0.8704873], [117.3005039, -0.6289274], [117.3751339, -0.7178174]]], [[[117.4166539, -0.6231374], [117.4751939, -0.6652574], [117.2854739, -0.5830574], [117.4166539, -0.6231374]]], [[[117.5075639, -0.4446075], [117.4659739, -0.4820775], [117.5372539, -0.3935175], [117.5075639, -0.4446075]]], [[[117.4997039, -0.4301675], [117.4653939, -0.4809775], [117.5178939, -0.3500675], [117.4997039, -0.4301675]]], [[[117.5046039, -0.5464874], [117.5858239, -0.5222475], [117.5524539, -0.5978174], [117.5046039, -0.5464874]]], [[[117.8042538, 2.1529912], [117.7312838, 2.0890912], [117.7295538, 2.1682112], [117.8042538, 2.1529912]]], [[[117.8901838, 2.1550112], [117.9479638, 2.1146512], [117.8019138, 2.1841512], [117.8901838, 2.1550112]]]]}}, {"type": "Feature", "properties": {"provinsi": "JAWA TENGAH"}, "geometry": {"type": "MultiPolygon", "coordinates": [[[[108.8692746, -7.7036038], [109.0500446, -7.7749838], [108.7924246, -7.6944738], [108.8692746, -7.7036038]]], [[[108.8011346, -7.6728138], [108.6762946, -7.357594], [108.5565647, -7.287034], [108.5622447, -7.1713341], [108.7667046, -7.1134741], [108.8308146, -6.7849543], [109.0663446, -6.7585043], [109.0983546, -6.8379642], [109.3037346, -6.8724542], [109.5065546, -6.7905743], [109.9740245, -6.9237942], [110.1785545, -6.8477942], [110.3222245, -6.9668342], [110.4556045, -6.9540442], [110.7140345, -6.4576244], [110.9013444, -6.4044045], [111.0459144, -6.4265544], [111.1543344, -6.6573343], [111.3819844, -6.7016843], [111.4926044, -6.6206644], [111.6913944, -6.7541743], [111.5774744, -6.9170742], [111.6120144, -7.1384041], [111.4553344, -7.257184], [111.4532544, -7.371354], [111.1503144, -7.260224], [111.1823544, -7.6909338], [111.2971644, -7.8769337], [111.1543944, -7.9220337], [111.1115244, -8.0630636], [110.9534144, -8.0616636], [110.9000944, -8.2112535], [110.8349345, -8.2030535], [110.7556345, -8.0243836], [110.7855845, -7.8167237], [110.4917745, -7.7667638], [110.4452245, -7.5411639], [110.2739545, -7.7005238], [110.1155545, -7.6737738], [110.0035245, -7.8883037], [109.2917546, -7.7013338], [109.0002946, -7.7436638], [108.8011346, -7.6728138]]]]}}, {"type": "Feature", "properties": {"provinsi": "MALUKU UTARA"}, "geometry": {"type": "MultiPolygon", "coordinates": [[[[126.0733831, -2.4336265], [125.9915131, -2.4408965], [125.8806631, -2.2121766], [125.9068831, -1.9762667], [125.9922531, -2.0275967], [125.9630731, -2.1830666], [126.0733831, -2.4336265]]], [[[125.6990531, -1.9288867], [125.4227032, -1.9503667], [125.3317832, -1.8260668], [126.3226131, -1.8410168], [125.6990531, -1.9288867]]], [[[124.4369033, -2.0251767], [124.3373433, -1.8906068], [124.4013333, -1.6600669], [124.6719832, -1.6439569], [125.0681332, -1.7727068], [125.1363332, -1.6865269], [125.1819132, -1.7841568], [125.2415532, -1.7250668], [125.3210532, -1.7839768], [125.3077232, -1.8923868], [124.8623432, -1.8916368], [124.4369033, -2.0251767]]], [[[127.244283, -0.7650473], [127.164723, -0.7478873], [127.222153, -0.6032374], [127.334483, -0.7863073], [127.244283, -0.7650473]]], [[[127.228053, -0.5113975], [127.118723, -0.4875275], [127.147793, -0.2581876], [127.289053, -0.2921876], [127.228053, -0.5113975]]], [[[127.351833, -1.433247], [127.281593, -1.415137], [127.381133, -1.369317], [127.351833, -1.433247]]], [[[127.347723, 0.3139721], [127.437883, 0.3492321], [127.414143, 0.2799721], [127.347723, 0.3139721]]], [[[127.322773, 0.7547319], [127.324783, 0.8671318], [127.391493, 0.7906319], [127.322773, 0.7547319]]], [[[127.500963, -1.2691871], [127.510053, -1.1783871], [127.696253, -1.2288171], [127.669983, -1.2917371], [127.500963, -1.2691871]]], [[[127.349453, -0.5544274], [127.330263, -0.3494775], [127.457253, -0.4162275], [127.568823, -0.3152376], [127.690773, -0.4655075], [127.598403, -0.6163674], [127.9018429, -0.7698073], [127.762773, -0.8659573], [127.629583, -0.7408573], [127.474743, -0.8232773], [127.480743, -0.6299274], [127.349453, -0.5544274]]], [[[127.465333, -1.6949069], [127.397933, -1.6267169], [127.433433, -1.437157], [127.641883, -1.330737], [128.1679729, -1.6372169], [128.0207429, -1.7257368], [127.465333, -1.6949069]]], [[[127.426433, 1.0442217], [127.408513, 1.2344516], [127.573353, 1.7564214], [127.9775929, 2.2071612], [128.0641929, 2.1715612], [127.841933, 1.8495213], [128.0108629, 1.7382614], [128.0097329, 1.3121316], [127.9030629, 1.1502017], [127.650943, 1.0222918], [127.666973, 0.8743718], [127.8833829, 0.8293719], [127.9880329, 1.0905317], [128.1949629, 1.1646817], [128.0865029, 1.2611416], [128.1665929, 1.3663116], [128.4717429, 1.5516915], [128.7225229, 1.5724615], [128.6850329, 1.0679917], [128.1983829, 0.7897519], [128.3192429, 0.6557219], [128.6783129, 0.550262], [128.6781629, 0.3366421], [128.8687629, 0.2399922], [128.0801429, 0.476492], [127.9165629, 0.454742], [127.8723029, 0.3103121], [127.8896229, -0.0031777], [128.0493829, -0.4175775], [128.4205529, -0.8994073], [128.0121229, -0.6786474], [127.864653, -0.3668575], [127.687433, -0.2700376], [127.734323, 0.3109821], [127.527293, 0.552832], [127.637583, 0.8145519], [127.426433, 1.0442217]]], [[[128.1972129, 2.2794611], [128.5667229, 2.6451909], [128.6873029, 2.502211], [128.5212129, 2.0673112], [128.3004829, 2.0360312], [128.1972129, 2.2794611]]]]}}, {"type": "Feature", "properties": {"provinsi": "KALIMANTAN BARAT"}, "geometry": {"type": "MultiPolygon", "coordinates": [[[[108.9516646, -1.5657969], [108.9575146, -1.6394169], [108.8306446, -1.6655369], [108.7993146, -1.5718569], [108.9516646, -1.5657969]]], [[[109.1299446, -0.2026676], [109.1930946, -0.2188276], [109.0832546, -0.2700676], [109.0935746, -0.3314476], [109.0559746, -0.2274476], [109.1299446, -0.2026676]]], [[[109.1796346, -0.1197377], [109.1762746, -0.1944876], [109.1642646, -0.0614077], [109.1796346, -0.1197377]]], [[[109.3665346, -0.8778673], [109.4058046, -0.9324472], [109.3037146, -0.9021273], [109.3665346, -0.8778673]]], [[[109.2410746, -0.8201973], [109.2486046, -0.6612474], [109.5581646, -0.7482673], [109.7438945, -0.9013473], [109.6833846, -1.0139372], [109.5571646, -0.8879473], [109.4287646, -0.8564073], [109.3001746, -0.9004973], [109.2410746, -0.8201973]]], [[[109.6836446, -1.2073571], [109.5035846, -1.3076671], [109.3795846, -1.2553971], [109.4876346, -0.9738172], [109.5523346, -1.0032972], [109.6377246, -0.9869572], [109.6857046, -1.0191672], [109.7176746, -0.9892972], [109.7558545, -1.0150572], [109.7800045, -1.1447071], [109.6836446, -1.2073571]]], [[[114.2055242, 1.4102316], [114.1279142, 1.1567217], [113.8895542, 1.0475317], [113.9264842, 0.8414018], [113.8418342, 0.6577419], [113.5533342, 0.3330721], [113.2871842, 0.2491521], [113.4432042, -0.0640177], [113.2204942, -0.3335376], [113.2181642, -0.5061675], [113.1310143, -0.4522175], [112.5624843, -0.6950474], [112.3107943, -0.7214274], [112.2158043, -0.6130674], [112.1754143, -0.7255674], [112.0833943, -0.7010274], [111.6413544, -0.9678772], [111.5493944, -1.2072671], [111.2000144, -1.474867], [110.8865444, -1.6002569], [111.0220644, -1.7135869], [110.9647244, -1.9098068], [111.1014444, -1.9886167], [111.0251144, -2.2260466], [111.1155844, -2.3274765], [111.1738644, -2.6877364], [110.7332145, -2.9964462], [110.6267245, -3.0291862], [110.5635745, -2.8388863], [110.2572745, -2.9558462], [110.0863545, -2.2418566], [110.1036745, -1.9908167], [109.9018345, -1.8308168], [110.0331145, -1.6636369], [110.0478045, -1.3226271], [109.9068945, -1.2041771], [109.9396945, -1.1236672], [109.7322246, -0.9876072], [109.7578445, -0.9042073], [109.6354346, -0.7955873], [109.6676546, -0.6839374], [109.1143446, -0.5042475], [109.0897146, -0.2735376], [109.1936546, -0.2221676], [109.1944246, 0.0608822], [109.0865946, 0.2509521], [108.9133546, 0.3396021], [108.9285946, 0.623892], [108.8406346, 0.8146919], [108.9701846, 0.9416518], [108.9030346, 1.1627717], [108.9789646, 1.1846917], [109.0414846, 1.4850015], [109.2516046, 1.6596914], [109.3375746, 1.9433013], [109.6254746, 2.0649712], [109.5400846, 1.9264613], [109.5863246, 1.7919014], [109.6854846, 1.7821414], [109.6619946, 1.6174215], [109.8376145, 1.4217916], [109.9634845, 1.4028216], [110.0650945, 1.2089817], [110.1930245, 1.1828717], [110.2763045, 0.9966618], [110.5534845, 0.8595118], [111.2315444, 1.0861517], [111.4886644, 1.0352717], [111.5209344, 0.9583418], [111.6675744, 1.0431817], [111.8180244, 0.9863218], [111.9353344, 1.1221517], [112.1429343, 1.1350217], [112.2122143, 1.4495015], [112.4859743, 1.5796515], [113.0342543, 1.5664315], [112.9810743, 1.4081016], [113.5376442, 1.3226416], [113.6325442, 1.2192517], [113.9746842, 1.4497515], [114.2055242, 1.4102316]]]]}}, {"type": "Feature", "properties": {"provinsi": "JAWA BARAT"}, "geometry": {"type": "Polygon", "coordinates": [[[106.3971248, -6.9784542], [106.5261648, -6.7678443], [106.4291248, -6.6802043], [106.4267048, -6.3478945], [106.7798648, -6.3165245], [106.9178248, -6.3503045], [106.9700348, -6.0907146], [107.0079248, -5.9206047], [107.3455948, -5.9717647], [107.4732548, -6.1485946], [107.6788547, -6.2372145], [107.8984947, -6.1877546], [108.0975947, -6.3285645], [108.2109547, -6.2356045], [108.3616647, -6.2608945], [108.5352047, -6.4806844], [108.5979647, -6.7580243], [108.8308146, -6.7849543], [108.7667046, -7.1134741], [108.5622447, -7.1713341], [108.5565647, -7.287034], [108.6762946, -7.357594], [108.8011346, -7.6728138], [108.5166647, -7.6986538], [108.4957347, -7.7932338], [108.3451747, -7.8182837], [107.8469947, -7.7370838], [107.4425348, -7.5069039], [106.5237448, -7.4078539], [106.3705848, -7.279654], [106.5418548, -6.9837142], [106.3971248, -6.9784542]]]}}, {"type": "Feature", "properties": {"provinsi": "KEPULAUAN KUPANG"}, "geometry": {"type": "MultiPolygon", "coordinates": [[[[122.86383370035483, -10.96408279110485], [122.87141761226019, -10.968799913276138], [122.87962061901497, -10.975538659235118], [122.88581156750915, -10.990229125425698], [122.88643066235856, -11.001415443717608], [122.87327489680844, -11.00761508999987], [122.85454727761356, -10.993733273324368], [122.8463442708588, -10.9822774051941], [122.84448698631054, -10.969339012952856], [122.85330908791474, -10.969339012952856], [122.86383370035483, -10.96408279110485]]], [[[122.93348187091429, -10.936993032349745], [122.9303863966672, -10.923650315350962], [122.93533915546254, -10.915698595119364], [122.95793611746628, -10.91718111923034], [122.9659843505087, -10.922572115997525], [122.95484064321919, -10.938071231703182], [122.94230397251849, -10.940766730086775], [122.93348187091429, -10.936993032349745]]], [[[122.97790192635999, -10.91340742149331], [122.99167678675953, -10.907746874887765], [122.99864160381547, -10.920146167452291], [122.98610493311477, -10.924054640108501], [122.97790192635999, -10.91340742149331]]], [[[122.66835450165128, -10.800061714463244], [122.67268816559721, -10.814482630815464], [122.68785598940794, -10.82688192337999], [122.68599870485968, -10.83389021917733], [122.6777956981049, -10.83389021917733], [122.66402083770537, -10.825668949107373], [122.63956659115338, -10.806530910583865], [122.64204297055105, -10.802352888089297], [122.66402083770537, -10.798579190352267], [122.66835450165128, -10.800061714463244]]], [[[122.75549210170678, -10.789144946009694], [122.74992024806203, -10.777689077879424], [122.75796848110446, -10.773241505546498], [122.77298153120283, -10.77229808111224], [122.78489910705412, -10.772971955708138], [122.78304182250587, -10.782001875293172], [122.7686478672569, -10.787662421898718], [122.75549210170678, -10.789144946009694]]], [[[123.37907538878247, -10.552614962849447], [123.38031357848129, -10.560297133242685], [123.38402814757781, -10.567170654120847], [123.37783719908363, -10.576200573705881], [123.36839600263, -10.583343644422401], [123.36019299587524, -10.582130670149786], [123.3515256679834, -10.586308692644353], [123.35214476283281, -10.597090686178724], [123.35957390102581, -10.600055734400676], [123.37659900938479, -10.600999158834933], [123.38975477493491, -10.596821136340365], [123.40476782503329, -10.60922042890489], [123.41668540088457, -10.608681329228173], [123.42612659733818, -10.625123869368087], [123.42612659733818, -10.655178676345143], [123.4128160580757, -10.660434898193149], [123.40600601473211, -10.668117068586387], [123.4091014889792, -10.674047165030291], [123.40229144563561, -10.686311682675637], [123.39161205948317, -10.681594560504351], [123.38402814757781, -10.68900718105923], [123.36839600263, -10.688468081382512], [123.35833571132699, -10.684020509049583], [123.34208447152977, -10.684559608726302], [123.33511965447383, -10.677281763090603], [123.32769051628082, -10.682268435100248], [123.32892870597965, -10.692241779119541], [123.30385536457825, -10.705449721199145], [123.30447445942767, -10.712862341754024], [123.29441416812463, -10.723509560369214], [123.2843538768216, -10.727822357782962], [123.26995992157265, -10.729709206651478], [123.26624535247615, -10.734022004065226], [123.25494687147427, -10.733213354550148], [123.23683834712881, -10.757068515244942], [123.24302929562299, -10.763807261203924], [123.24488658017124, -10.77620655376845], [123.24241020077358, -10.783888724161688], [123.22925443522345, -10.800061714463244], [123.22801624552461, -10.81919975298675], [123.22043233361926, -10.827690572895067], [123.21547957482392, -10.821760476451164], [123.19860924017729, -10.825399399269013], [123.19226351797076, -10.836181392803384], [123.17353589877588, -10.828229672571785], [123.15914194352693, -10.816504254603158], [123.15093893677215, -10.813808756219565], [123.12648469022017, -10.817717228875775], [123.10141134881876, -10.832677244904714], [123.0938274369134, -10.84480698763088], [123.09197015236515, -10.854241231973454], [123.08577920387097, -10.857745379872124], [123.0707661537726, -10.84804158569119], [123.06813500066258, -10.856262855761148], [123.0582294830719, -10.858554029387202], [123.04878828661828, -10.85572375608443], [123.02557222976513, -10.858958354144741], [123.01613103331151, -10.8665057496188], [123.00622551572083, -10.8592279039831], [122.9873431228136, -10.860979977932436], [122.96861550361872, -10.87041422227501], [122.96350797111103, -10.879174592021684], [122.95282858495858, -10.883622164354612], [122.95545973806861, -10.898312630545192], [122.96474616080987, -10.900469029252067], [122.97294916756465, -10.91367697133167], [122.95097130041033, -10.904916601584993], [122.921564295063, -10.918124543664597], [122.91150400375997, -10.924863289623579], [122.90840852951288, -10.918933193179676], [122.89711004851101, -10.920146167452291], [122.9002055227581, -10.910711923109718], [122.87637037105553, -10.916911569391981], [122.86197641580658, -10.9174506690687], [122.85764275186065, -10.926076263896196], [122.86011913125833, -10.93160203558256], [122.85516637246299, -10.940227630410057], [122.8463442708588, -10.941305829763493], [122.82637846196508, -10.92432418994686], [122.82127092945738, -10.907207775211047], [122.82127092945738, -10.89157388458621], [122.83009303106158, -10.874861794607936], [122.83133122076042, -10.864753675669464], [122.82560459340331, -10.83389021917733], [122.81941364490913, -10.820682277097726], [122.8130679227026, -10.816773804441517], [122.80440059481076, -10.80154423857422], [122.81059154330494, -10.781462775616454], [122.81941364490913, -10.779980251505478], [122.82560459340331, -10.786179897787742], [122.83690307440517, -10.787931971737077], [122.83380760015808, -10.774454479819115], [122.8469633657082, -10.770546007162904], [122.86259551065599, -10.756798965406583], [122.8751321813567, -10.755585991133966], [122.89030000516742, -10.757338065083301], [122.91274219345881, -10.746421296629752], [122.92527886415951, -10.745612647114674], [122.9378155348602, -10.737256602125537], [122.94849492101267, -10.745882196953033], [122.96165068656278, -10.742647598892722], [122.9836285537171, -10.740491200185847], [122.98672402796419, -10.733482904388508], [123.00111798321313, -10.733213354550148], [123.00808280026908, -10.729978756489837], [123.02371494521688, -10.733213354550148], [123.0280486091628, -10.725800733995268], [123.03748980561642, -10.730517856166555], [123.04878828661828, -10.722296586096599], [123.06070586246956, -10.709358193855353], [123.06318224186724, -10.702619447896373], [123.07200434347143, -10.702888997734732], [123.07633800741735, -10.69278087879626], [123.08701739356981, -10.686985557271536], [123.09460130547517, -10.676338338656345], [123.10775707102529, -10.671351666646698], [123.12896106961783, -10.643318483457335], [123.14211683516795, -10.651944078284833], [123.16223741777402, -10.64924857990124], [123.17972684727006, -10.63482766354902], [123.19164442312135, -10.618924223085823], [123.1897871385731, -10.603559882299345], [123.19473989736844, -10.593856088118413], [123.20789566291855, -10.59156491449236], [123.22182529703045, -10.597090686178724], [123.2311117197717, -10.60598583084458], [123.23745744197824, -10.601268708673292], [123.25618506117311, -10.60571628100622], [123.2681026370244, -10.600999158834933], [123.2738292643815, -10.604772856571962], [123.29193778872697, -10.59506906239103], [123.30199808002999, -10.595338612229389], [123.31267746618245, -10.591295364654], [123.31577294042954, -10.579165621927833], [123.31205837133302, -10.576200573705881], [123.29069959902813, -10.580109046362091], [123.2769247386286, -10.579435171766193], [123.25432777662486, -10.603290332460986], [123.24488658017124, -10.603020782622627], [123.22043233361926, -10.592777888764976], [123.21362229027567, -10.580917695877169], [123.22306348672927, -10.56892272807018], [123.2311117197717, -10.566496779524948], [123.24937501782952, -10.53684629730543], [123.26438806792788, -10.520538532084695], [123.27940111802626, -10.519460332731258], [123.29379507327522, -10.509756538550326], [123.31948750952604, -10.502343917995445], [123.3270714214314, -10.498435445339236], [123.33898899728268, -10.486440477532248], [123.34703723032511, -10.48293632963358], [123.35400204738106, -10.485497053097992], [123.36963419232885, -10.478219207462292], [123.36530052838293, -10.471750011341669], [123.37597991453538, -10.45732909498945], [123.36901509747943, -10.440212680253637], [123.37845629393304, -10.431047985749423], [123.40476782503329, -10.454903146444217], [123.4091014889792, -10.469054512958078], [123.39099296463375, -10.480240831249986], [123.38278995787897, -10.488192551481584], [123.38217086302954, -10.494661747602207], [123.3959457234291, -10.501400493561189], [123.38975477493491, -10.517034384186024], [123.39099296463375, -10.52269493079157], [123.3677769077806, -10.535633323032814], [123.36019299587524, -10.552614962849447], [123.37907538878247, -10.552614962849447]]], [[[121.52596973076383, -10.630380091216091], [121.54222097056103, -10.611915927288482], [121.55661492580998, -10.600729608996573], [121.57162797590836, -10.598034110612982], [121.58989127396617, -10.600055734400676], [121.60614251376337, -10.604233756895244], [121.62997766546594, -10.597764560774621], [121.63431132941187, -10.602481682945909], [121.63369223456246, -10.612185477126841], [121.62548922780768, -10.619867647520081], [121.60985708285989, -10.629571441701014], [121.59236765336384, -10.632536489922966], [121.57472345015545, -10.641835959346361], [121.55599583096057, -10.640757759992923], [121.53974459116337, -10.636310187659996], [121.52210038795496, -10.638062261609331], [121.52596973076383, -10.630380091216091]]], [[[123.37969448363188, -10.54061999504246], [123.38712362182488, -10.537385396982149], [123.39470753373026, -10.523234030468288], [123.40414873018386, -10.519729882569617], [123.40352963533445, -10.499378869773494], [123.40972058382863, -10.49317922349123], [123.42674569218761, -10.490888049865177], [123.4392823628883, -10.491966249218613], [123.4423778371354, -10.50086139388447], [123.43990145773772, -10.508543564277709], [123.42984116643468, -10.510834737903762], [123.42798388188643, -10.516495284509306], [123.41095877352745, -10.527412052962855], [123.41157786837688, -10.532129175134143], [123.3965648182785, -10.538598371254766], [123.38464724242722, -10.560566683081044], [123.38031357848129, -10.556523435505655], [123.37969448363188, -10.54061999504246]]], [[[121.98657629873037, -10.550862888900111], [121.97280143833083, -10.548841265112417], [121.95825270936953, -10.550862888900111], [121.9288457040222, -10.570405252181157], [121.91816631786975, -10.58037859620045], [121.912594464225, -10.590351940219742], [121.89696231927721, -10.595338612229389], [121.88256836402824, -10.608950879066532], [121.86430506597044, -10.622158821146135], [121.8505302055709, -10.62013719735844], [121.8379935348702, -10.625662969044805], [121.82731414871775, -10.622697920822853], [121.81926591567532, -10.615420075187153], [121.8061101501252, -10.612724576803561], [121.79604985882217, -10.606794480359657], [121.7685001380231, -10.608681329228173], [121.74961774511586, -10.615150525348794], [121.73955745381284, -10.60571628100622], [121.71324592271259, -10.592777888764976], [121.70705497421842, -10.592104014169077], [121.68445801221468, -10.577952647655216], [121.6887916761606, -10.572426875968851], [121.70705497421842, -10.565283805252331], [121.72825897281096, -10.549380364789135], [121.76463079521423, -10.534959448436915], [121.7722147071196, -10.5264686285286], [121.79543076397275, -10.51501276039833], [121.79976442791867, -10.510565188065403], [121.81926591567532, -10.506791490328373], [121.83304077607485, -10.499109319935135], [121.84046991426787, -10.4894055257542], [121.84046991426787, -10.477275783028034], [121.84681563647439, -10.461102792726479], [121.84372016222731, -10.454633596605857], [121.85424477466741, -10.439673580576919], [121.87869902121939, -10.426600413416494], [121.89510503472896, -10.420535542053411], [121.91073717967674, -10.418648693184897], [121.94262056442173, -10.427813387689111], [121.95268085572476, -10.433743484133014], [121.96955119037139, -10.44250385387969], [121.99152905752571, -10.440751779930356], [122.00220844367816, -10.445468902101643], [122.00839939217234, -10.464067840948431], [121.99338634207396, -10.490618500026818], [121.99648181632105, -10.502343917995445], [121.99276724722455, -10.517303934024383], [121.99725568488282, -10.52229060603403], [121.99214815237514, -10.535633323032814], [121.98595720388096, -10.541428644557538], [121.98657629873037, -10.550862888900111]]], [[[120.20172584786, -10.322419400890642], [120.18408164465161, -10.323901925001618], [120.17092587910149, -10.317702278719356], [120.17912888585627, -10.312715606709709], [120.20791679635418, -10.304224786801392], [120.21240523401245, -10.304763886478112], [120.21364342371129, -10.31621975460838], [120.20172584786, -10.322419400890642]]], [[[123.42736478703702, -10.236972102130759], [123.43293664068177, -10.23265930471701], [123.44052055258715, -10.239128500837632], [123.43417483038061, -10.24734977090759], [123.42736478703702, -10.236972102130759]]], [[[123.46807027338622, -10.195191877185074], [123.46110545633027, -10.195461427023433], [123.45243812843843, -10.204895671366007], [123.45367631813725, -10.216755864253814], [123.4460924062319, -10.215812439819556], [123.42984116643468, -10.229963806333418], [123.41730449573399, -10.2287508320608], [123.42101906483049, -10.208130269426318], [123.41033967867804, -10.210286668133191], [123.3965648182785, -10.20408702185093], [123.39408843888083, -10.23265930471701], [123.40600601473211, -10.2367025522924], [123.41544721118574, -10.245867246796614], [123.41358992663748, -10.25408851686657], [123.41854268543283, -10.259344738714576], [123.4121969632263, -10.274709079501054], [123.42039996998108, -10.295599191973896], [123.40414873018386, -10.295329642135536], [123.3959457234291, -10.300855413821902], [123.40105325593677, -10.30826803437678], [123.41482811633632, -10.314467680659044], [123.41095877352745, -10.332123195071576], [123.40105325593677, -10.339805365464814], [123.38526633727663, -10.337379416919582], [123.37907538878247, -10.310963532760374], [123.36653871808176, -10.304494336639753], [123.34579904062628, -10.306785510265806], [123.33573874932324, -10.317163179042637], [123.33202418022674, -10.3306406709606], [123.32583323173256, -10.339535815626455], [123.31701113012836, -10.334549143616808], [123.30509355427708, -10.311502632437092], [123.30942721822301, -10.282121700055933], [123.30075989033116, -10.273226555390078], [123.32320207862254, -10.236972102130759], [123.33326236992558, -10.231446330444394], [123.34889451487336, -10.226998758111465], [123.3677769077806, -10.20381747201257], [123.37845629393304, -10.181040510671213], [123.38851658523608, -10.163384996258682], [123.39532662857967, -10.135486587988499], [123.4091014889792, -10.129286941706235], [123.41544721118574, -10.129826041382954], [123.43169845098294, -10.12456981953495], [123.45243812843843, -10.114596475515656], [123.45924817178202, -10.122143870989715], [123.46497479913913, -10.136564787341936], [123.46683208368738, -10.158128774410676], [123.47751146983983, -10.164867520369658], [123.48865517712935, -10.153681202077749], [123.50119184783004, -10.158128774410676], [123.50629938033774, -10.16365454609704], [123.50691847518715, -10.174032214873872], [123.50258481124123, -10.182792584620548], [123.483702418334, -10.182253484943828], [123.46807027338622, -10.195191877185074]]], [[[119.51422101758197, -9.375760368572937], [119.52985316252978, -9.37805154219899], [119.54610440232697, -9.374277844461961], [119.56189132098712, -9.365382699796104], [119.57504708653724, -9.354600706261735], [119.59950133308922, -9.346648986030136], [119.62705105388831, -9.345166461919161], [119.65769624893447, -9.368617297856416], [119.68648415943237, -9.382499114531917], [119.730439893741, -9.3892378604909], [119.76170418363658, -9.385733712592229], [119.77176447493962, -9.39611138136906], [119.78677752503799, -9.39988507910609], [119.80689810764406, -9.393954982662187], [119.82253025259185, -9.378725416794888], [119.83197144904547, -9.366595674068721], [119.85069906824035, -9.351635658039783], [119.86447392863988, -9.343414387969826], [119.88149903699886, -9.33478879314233], [119.89078545974012, -9.32710662274909], [119.91972814395038, -9.292065143762388], [119.92715728214338, -9.279126751521144], [119.93474119404875, -9.276566028056731], [119.94356329565295, -9.286269822237664], [119.94665876990004, -9.302981912215937], [119.96291000969724, -9.328050047183348], [119.97111301645202, -9.333980143627251], [119.99293610989399, -9.35662233004943], [119.99928183210052, -9.373064870189344], [120.0111994079518, -9.385733712592229], [120.02497426835134, -9.389642185248437], [120.03503455965436, -9.397863455318396], [120.03565365450379, -9.405141300954096], [120.05004760975274, -9.430748535598225], [120.06134609075461, -9.445169451950445], [120.06877522894762, -9.45029089887927], [120.07635914085299, -9.462285866686258], [120.0858003373066, -9.470911461513754], [120.10839729931033, -9.481423905209764], [120.12402944425813, -9.485332377865973], [120.14028068405533, -9.482636879482381], [120.16535402545674, -9.469428937402778], [120.18795098746047, -9.469428937402778], [120.19352284110522, -9.480210930937147], [120.2105479494642, -9.490588599713979], [120.21364342371129, -9.50473996622784], [120.21921527735604, -9.513230786136157], [120.22556099956257, -9.532638374498024], [120.22865647380966, -9.556897859950356], [120.22803737896024, -9.586278792331516], [120.23113285320733, -9.59948673441112], [120.24676499815511, -9.633989113721103], [120.25682528945815, -9.639919210165006], [120.26874286530943, -9.64274948346778], [120.28127953601015, -9.640727859680085], [120.29876896550618, -9.6419408339527], [120.30511468771272, -9.65636175030492], [120.31393678931691, -9.667548068596831], [120.32198502235934, -9.670782666657141], [120.3383910358689, -9.662830946425544], [120.35154680141902, -9.650162104022659], [120.36779804121622, -9.643153808225318], [120.38528747071227, -9.643962457740395], [120.38838294495935, -9.637493261619774], [120.40664624301716, -9.635741187670439], [120.42165929311554, -9.629271991549816], [120.43992259117336, -9.626037393489504], [120.46236477946474, -9.614851075197596], [120.47613963986427, -9.623341895105913], [120.49316474822325, -9.65690084998164], [120.49564112762091, -9.670243566980423], [120.50307026581393, -9.684934033171002], [120.52319084841999, -9.691942328968343], [120.53882299336777, -9.686416557281978], [120.55646719657618, -9.694907377190296], [120.57148024667455, -9.708789193865798], [120.57767119516872, -9.72523173400571], [120.59144605556826, -9.728196782227663], [120.59964906232304, -9.73668760213598], [120.60150634687129, -9.755016991144409], [120.60522091596779, -9.76916835765827], [120.6177575866685, -9.779411251515922], [120.6265796882727, -9.792349643757166], [120.62781787797154, -9.810948582603954], [120.6323063156298, -9.823617425006839], [120.64793846057759, -9.848011685378353], [120.66233241582655, -9.876314418406075], [120.67920275047318, -9.900169579100869], [120.69483489542097, -9.90367372699954], [120.71247909862936, -9.92079014173535], [120.72068210538414, -9.91809464335176], [120.73306400237249, -9.924294289634021], [120.74637454163496, -9.923755189957303], [120.75953030718509, -9.931976460027261], [120.76819763507693, -9.940467279935577], [120.78646093313473, -9.95017107411651], [120.79698554557484, -9.963244241276934], [120.8171061281809, -9.97914768174013], [120.82283275553802, -9.995320672041686], [120.83211917827927, -10.004350591626721], [120.84651313352823, -10.031170800543467], [120.84713222837765, -10.041548469320297], [120.84403675413056, -10.071872826135714], [120.83722671078696, -10.084811218376958], [120.83970309018464, -10.09545843699215], [120.82778551433336, -10.11014890318273], [120.81772522303032, -10.118639723091045], [120.81648703333148, -10.12456981953495], [120.80642674202845, -10.130769465817211], [120.78893731253241, -10.1348127133926], [120.76881672992634, -10.144920832331072], [120.75751824892448, -10.153950751916108], [120.74637454163496, -10.172280140924537], [120.73940972457902, -10.190205205175427], [120.72873033842657, -10.194922327346715], [120.71619366772586, -10.204895671366007], [120.70303790217575, -10.209073693860574], [120.68802485207738, -10.219316587718227], [120.6855484726797, -10.224303259727874], [120.67177361228016, -10.229694256495058], [120.64345002291932, -10.228211732384082], [120.62905606767036, -10.237645976726656], [120.62410330887502, -10.248158420422667], [120.61094754332491, -10.253279867351493], [120.59206515041768, -10.251797343240517], [120.57209934152397, -10.23966760051435], [120.56203905022093, -10.237915526565015], [120.5357275191207, -10.239398050675991], [120.52071446902232, -10.244654272523997], [120.51251146226754, -10.256784015250163], [120.50632051377336, -10.255571040977546], [120.48496174146847, -10.263522761209146], [120.47799692441252, -10.277135028046287], [120.47304416561718, -10.30179883825616], [120.4523044881617, -10.313524256224786], [120.43852962776216, -10.307459384861703], [120.39039500321996, -10.26918330781469], [120.3671789463668, -10.256110140654265], [120.3458201740619, -10.248562745180205], [120.32012773781108, -10.253818967028211], [120.30697197226097, -10.25085391880626], [120.29381620671084, -10.257323114926882], [120.26812377046002, -10.245597696958255], [120.25558709975932, -10.244115172847279], [120.23685948056445, -10.245328147119896], [120.23051375835792, -10.2505843689679], [120.20915498605301, -10.252066893078876], [120.20110675301059, -10.241419674463685], [120.18346254980219, -10.229963806333418], [120.1766525064586, -10.2294247066567], [120.16597312030615, -10.23643300245404], [120.14910278565952, -10.224033709889515], [120.1271249185052, -10.192496378801481], [120.11273096325625, -10.179557986560237], [120.10328976680263, -10.174301764712231], [120.08394305275834, -10.177536362772543], [120.08394305275834, -10.16729346891489], [120.05763152165811, -10.135756137826858], [120.03813003390145, -10.121065671636279], [120.00934212340354, -10.122143870989715], [120.00686574400588, -10.116348549464991], [120.0111994079518, -10.104218806738825], [120.02249788895367, -10.099771234405898], [120.01878331985716, -10.079554996528953], [120.00934212340354, -10.062977681469858], [119.99990092694993, -10.054756411399902], [119.99928183210052, -10.044783067380608], [119.98922154079749, -10.031440350381827], [119.96987482675318, -10.014189160726833], [119.94727786474945, -9.999633469455434], [119.95161152869538, -9.995590221880045], [119.95408790809304, -9.979686781416849], [119.94480148535179, -9.972948035457867], [119.93040753010283, -9.980899755689466], [119.90966785264735, -9.975508758922281], [119.9027030355914, -9.971195961508531], [119.90533418870143, -9.95017107411651], [119.88211813184827, -9.95785324450975], [119.8708196508464, -9.948419000167174], [119.87391512509349, -9.934671958410853], [119.8650930234893, -9.923755189957303], [119.85069906824035, -9.920251042058633], [119.83506692329254, -9.92847231212859], [119.8206729680436, -9.923081315361404], [119.80999358189115, -9.914590495453089], [119.80256444369813, -9.914860045291448], [119.7873966198874, -9.921598791250428], [119.7799674816944, -9.915129595129807], [119.77749110229674, -9.905156251110515], [119.76681171614428, -9.895182907091222], [119.74483384898997, -9.882514064688337], [119.7372499370846, -9.87402324478002], [119.72161779213681, -9.866071524548422], [119.71155750083378, -9.865667199790884], [119.69344897648831, -9.843294563207065], [119.68586506458296, -9.847472585701635], [119.68091230578761, -9.833321219187773], [119.67472135729344, -9.828604097016486], [119.6802932109382, -9.828604097016486], [119.68973440739181, -9.819169852673912], [119.68648415943237, -9.807174884866924], [119.67394748873167, -9.800975238584662], [119.67905502123936, -9.790328019969472], [119.67147110933401, -9.781163325465258], [119.65336258498854, -9.776176653455611], [119.64763595763144, -9.789788920292754], [119.62828924358713, -9.799762264312045], [119.61760985743469, -9.798549290039428], [119.62828924358713, -9.777389627728228], [119.62705105388831, -9.767011958951397], [119.6145143831876, -9.764451235486984], [119.6094068506799, -9.774694129344635], [119.59377470573212, -9.778602602000843], [119.59377470573212, -9.772402955718581], [119.58433350927851, -9.76242961169929], [119.5687013643307, -9.76889880781991], [119.56003403643886, -9.764181685648623], [119.55306921938292, -9.765933759597958], [119.54300892807989, -9.752591042599176], [119.53867526413397, -9.762968711376008], [119.52985316252978, -9.766472859274678], [119.5060180108272, -9.755286540982768], [119.49673158808594, -9.75447789146769], [119.4809446694258, -9.744369772529218], [119.4704200569857, -9.740865624630548], [119.457883386285, -9.741404724307266], [119.44968037953022, -9.745852296640194], [119.44658490528313, -9.755286540982768], [119.42151156388172, -9.758790688881438], [119.41207036742811, -9.767011958951397], [119.40897489318102, -9.78008512611182], [119.41083217772928, -9.787632521585879], [119.3958191276309, -9.797066765928452], [119.38266336208078, -9.79450604246404], [119.37507945017542, -9.785341347959825], [119.37446035532601, -9.777120077889869], [119.35186339332226, -9.760542762830774], [119.33870762777215, -9.757982039366361], [119.33004029988031, -9.767685833547294], [119.31874181887844, -9.766472859274678], [119.30991971727424, -9.759060238719798], [119.30558605332831, -9.747065270912811], [119.27416698972038, -9.744369772529218], [119.25218912256607, -9.746795721074452], [119.24414088952363, -9.741809049064805], [119.23160421882294, -9.744639322367577], [119.21659116872456, -9.738170126246956], [119.19399420672083, -9.74760437058953], [119.18331482056838, -9.749760769296405], [119.17263543441592, -9.740596074792188], [119.14446661876744, -9.729948856176998], [119.12759628412081, -9.72940975650028], [119.10499932211708, -9.714045415713802], [119.09184355656696, -9.71431496555216], [119.07419935335857, -9.702050447906815], [119.05732901871194, -9.696659451139631], [119.02916020306344, -9.677251862777764], [119.02157629115808, -9.66808716827355], [119.00903962045739, -9.646657956123988], [119.00346776681262, -9.630754515660792], [118.99093109611192, -9.622263695752476], [118.98597833731658, -9.607438454642717], [118.97282257176646, -9.59867808489604], [118.93830803391144, -9.568623277918984], [118.927628647759, -9.557706509465433], [118.93072412200608, -9.53735549666931], [118.94449898240562, -9.509726638237487], [118.95394017885923, -9.499348969460655], [118.96461956501169, -9.481693455048124], [118.97142960835528, -9.477380657634376], [118.98845471671426, -9.45756874451497], [118.99851500801729, -9.449617024283372], [119.0435541583124, -9.426705288022836], [119.05547173416369, -9.423740239800884], [119.07559231676976, -9.422796815366626], [119.0842596446616, -9.418753567791239], [119.10190384786999, -9.42144906617483], [119.11382142372128, -9.409049773610304], [119.12759628412081, -9.401367603217066], [119.1520505306728, -9.384925063077151], [119.17774296692362, -9.37481694413868], [119.1964705861185, -9.376029918411296], [119.20838816196978, -9.387216236703205], [119.22402030691758, -9.389911735086798], [119.23469969307003, -9.379803616148326], [119.25667756022435, -9.369560722290673], [119.27169061032271, -9.368347748018056], [119.28732275527051, -9.359317828433023], [119.30171671051946, -9.357430979564507], [119.31672976061783, -9.367539098502979], [119.32740914677028, -9.371851895916727], [119.39071159512321, -9.383172989127816], [119.40572464522158, -9.37454739430032], [119.41578493652462, -9.373738744785243], [119.42522613297822, -9.375490818734576], [119.44147737277544, -9.365113149957747], [119.4615979553815, -9.358913503675483], [119.4741346260822, -9.358104854160405], [119.49038586587942, -9.366326124230362], [119.50106525203186, -9.368617297856416], [119.51422101758197, -9.375760368572937]]], [[[124.06905659845816, -10.228481282222441], [124.06085359170338, -10.230233356171777], [124.03516115545256, -10.245328147119896], [124.02711292241013, -10.25408851686657], [124.02587473271129, -10.262983661532427], [124.01581444140825, -10.274439529662695], [123.99817023819986, -10.277135028046287], [123.97433508649729, -10.274169979824336], [123.95684565700125, -10.27942620167234], [123.94740446054763, -10.285895397792963], [123.94059441720404, -10.297351265923231], [123.92991503105159, -10.294116667862921], [123.9136637912544, -10.298294690357489], [123.88797135500357, -10.310289658164475], [123.87218443634342, -10.321475976456385], [123.8604216342045, -10.334549143616808], [123.85407591199797, -10.333605719182552], [123.83658648250193, -10.339805365464814], [123.8234307169518, -10.342096539090868], [123.80331013434574, -10.353013307544417], [123.78829708424736, -10.355439256089651], [123.77266493929957, -10.348296185373131], [123.76508102739422, -10.347757085696411], [123.74944888244643, -10.354765381493753], [123.73443583234805, -10.357999979554064], [123.72066097194852, -10.364199625836328], [123.70425495843895, -10.366356024543201], [123.68924190834058, -10.360695477937657], [123.68243186499699, -10.354495831655393], [123.65534646533497, -10.349509159645747], [123.64095251008602, -10.354495831655393], [123.62841583938533, -10.354765381493753], [123.61340278928695, -10.366356024543201], [123.60721184079277, -10.368108098492536], [123.59900883403799, -10.352474207867699], [123.58399578393963, -10.34479203747446], [123.57641187203426, -10.34479203747446], [123.56960182869067, -10.333336169344193], [123.55396968374288, -10.333066619505832], [123.5457666769881, -10.327675622738647], [123.53261091143798, -10.329158146849624], [123.51697876649018, -10.338861941030556], [123.49933456328179, -10.346544111423796], [123.48617879773167, -10.35570880592801], [123.46745117853679, -10.360425928099298], [123.45677179238434, -10.35570880592801], [123.4555336026855, -10.348970059969028], [123.46497479913913, -10.338592391192197], [123.4623436460291, -10.32713652306193], [123.47673760127806, -10.316489304446739], [123.48555970288226, -10.296273066569794], [123.49685818388413, -10.28293034957101], [123.49871546843238, -10.270531057006485], [123.48865517712935, -10.248158420422667], [123.48865517712935, -10.224033709889515], [123.51759786133961, -10.219990462314126], [123.52626518923145, -10.217294963930533], [123.52827724749206, -10.209882343375654], [123.53013453204031, -10.199100349841283], [123.52750337893029, -10.188453131226092], [123.53261091143798, -10.175514738984848], [123.54824305638577, -10.169315092702584], [123.5583033476888, -10.172549690762896], [123.567125449293, -10.17079761681356], [123.57145911323892, -10.16432842069294], [123.58275759424079, -10.156915800138059], [123.59591335979091, -10.154624626512005], [123.62470127028882, -10.140473259998144], [123.6329042770436, -10.143707858058455], [123.65101280138906, -10.145190382169432], [123.65859671329441, -10.1348127133926], [123.67546704794104, -10.132521539766547], [123.67175247884454, -10.127130542999362], [123.67918161703754, -10.12039179704038], [123.69295647743708, -10.118100623414326], [123.71060068064548, -10.103679707062106], [123.72499463589443, -10.105162231173082], [123.74186497054106, -10.098288710294922], [123.75827098405063, -10.072142375974073], [123.76198555314713, -10.054217311723184], [123.7681765016413, -10.052060913016309], [123.77080765475132, -10.042626668673735], [123.7525443566935, -10.028610077079053], [123.73319764264922, -10.029418726594132], [123.71617253429024, -10.024701604422845], [123.70301676874011, -10.017423758787144], [123.69620672539652, -10.010011138232265], [123.68367005469582, -10.019984482251557], [123.6647876617886, -10.017693308625503], [123.65472737048556, -10.009472038555547], [123.63785703583893, -10.017693308625503], [123.62160579604173, -10.019714932413198], [123.61216459958811, -10.032922874492801], [123.6078309356422, -10.045322167057327], [123.59715154948974, -10.044783067380608], [123.58647216333729, -10.035348823038035], [123.58090030969254, -10.016210784514527], [123.58894854273497, -9.992894723496452], [123.58585306848788, -9.983730028992237], [123.58585306848788, -9.970252537074275], [123.57826915658251, -9.94316277831917], [123.58523397363845, -9.935211058087571], [123.58151940454195, -9.923081315361404], [123.5833766890902, -9.916342569402424], [123.60086611858625, -9.898147955313174], [123.6152600738352, -9.898147955313174], [123.62470127028882, -9.891274434435013], [123.6329042770436, -9.898147955313174], [123.6491555168408, -9.887500736697984], [123.65612033389675, -9.873618920022482], [123.66107309269209, -9.870114772123811], [123.66927609944688, -9.848955109812609], [123.66989519429629, -9.819169852673912], [123.66416856693918, -9.797066765928452], [123.64358366319605, -9.771459531284323], [123.66107309269209, -9.761486187265032], [123.67546704794104, -9.757308164770462], [123.68243186499699, -9.739652650357932], [123.6810389015858, -9.71876253788509], [123.68428914954524, -9.699354949523222], [123.68041980673638, -9.679677811322996], [123.67113338399513, -9.646657956123988], [123.6742288582422, -9.628059017277199], [123.69233738258767, -9.618355223096266], [123.6986831047942, -9.60636025528928], [123.71060068064548, -9.597195560785066], [123.72189916164734, -9.59193933893706], [123.7305664895392, -9.577787972423199], [123.73381673749863, -9.567410303646367], [123.74944888244643, -9.56242363163672], [123.75687802063943, -9.554741461243482], [123.780713172342, -9.5480027152845], [123.78829708424736, -9.54126396932552], [123.79077346364504, -9.523204130155449], [123.79510712759095, -9.515926284519749], [123.79448803274154, -9.490858149552338], [123.81337042564877, -9.498270770107219], [123.82900257059656, -9.495575271723625], [123.839681956749, -9.486814901976949], [123.84788496350379, -9.47562858368504], [123.86970805694575, -9.4758981335234], [123.88735226015415, -9.462959741282155], [123.89663868289541, -9.447595400495677], [123.89601958804599, -9.43586998252705], [123.90050802570427, -9.42899646164889], [123.9142828861038, -9.42872691181053], [123.93301050529868, -9.422527265528267], [123.94059441720404, -9.409858423125382], [123.94492808114997, -9.393685432823826], [123.95684565700125, -9.390989934440235], [123.96442956890661, -9.38519461291551], [123.9712396122502, -9.365113149957747], [123.98068080870382, -9.351905207878142], [123.99445566910336, -9.34220141369721], [124.01256419344882, -9.34570556159588], [124.03082749150663, -9.345166461919161], [124.04398325705675, -9.336271317253306], [124.04645963645441, -9.348940159656191], [124.06209178140222, -9.360396027786459], [124.07029478815699, -9.369560722290673], [124.07648573665116, -9.3819600148552], [124.0959872244078, -9.406084725388352], [124.11548871216446, -9.409588873287023], [124.1204414709598, -9.406893374903431], [124.13545452105818, -9.426974837861195], [124.15046757115654, -9.426435738184477], [124.16238514700783, -9.419023117629596], [124.161146957309, -9.412284371670616], [124.17182634346145, -9.399345979429372], [124.1736836280097, -9.390450834763516], [124.18560120386098, -9.387485786541564], [124.19194692606752, -9.37805154219899], [124.20370972820645, -9.37751244252227], [124.20510269161763, -9.370504146724931], [124.21763936231834, -9.365787024553644], [124.251999126461, -9.39220290871285], [124.2608212280652, -9.395437506773161], [124.26267851261345, -9.404063101600658], [124.27150061421764, -9.412014821832257], [124.27583427816357, -9.4249532140735], [124.27397699361532, -9.433983133658536], [124.28651366431602, -9.449617024283372], [124.28465637976777, -9.462959741282155], [124.28837094886427, -9.472663535463088], [124.27892975241066, -9.490588599713979], [124.27831065756124, -9.500831493571631], [124.28713275916543, -9.503796541793584], [124.29719305046847, -9.500022844056554], [124.30090761956497, -9.493553647935931], [124.31592066966334, -9.495844821561985], [124.33294577802232, -9.485601927704334], [124.35662615601254, -9.482367329644022], [124.35476887146429, -9.467946413291802], [124.36482916276732, -9.460533792736921], [124.36111459367082, -9.445573776707983], [124.3516733972172, -9.440856654536697], [124.3479588281207, -9.433983133658536], [124.35414977661488, -9.419023117629596], [124.36668644731557, -9.419562217306316], [124.37427035922093, -9.412014821832257], [124.36916282671324, -9.40365877684312], [124.37922311801627, -9.398672104833473], [124.38169949741395, -9.388698760814181], [124.37488945407036, -9.37454739430032], [124.37860402316686, -9.361609002059076], [124.38990250416873, -9.360665577624818], [124.40120098517059, -9.3521747577165], [124.40429645941768, -9.339775465151975], [124.426274326572, -9.332228069677917], [124.4388109972727, -9.333575818869713], [124.43943009212212, -9.31686372889144], [124.44701400402748, -9.306216510276249], [124.45320495252166, -9.308642458821481], [124.46264614897527, -9.300016863993985], [124.45568133191932, -9.284787298126687], [124.45444314222048, -9.26591880944154], [124.458157711317, -9.261740786946971], [124.4669798129212, -9.239368150363154], [124.46574162322236, -9.231146880293196], [124.46821800262002, -9.20823514403266], [124.4801355784713, -9.196374951144852], [124.47827829392305, -9.175754388510368], [124.48586220582843, -9.171980690773339], [124.49143405947318, -9.177910787217243], [124.50582801472213, -9.176158713267908], [124.52780588187645, -9.186401607125559], [124.53585411491888, -9.178180337055602], [124.55164103357902, -9.172519790450057], [124.56232041973146, -9.177236912621344], [124.57284503217157, -9.1642985203801], [124.58600079772168, -9.162007346754047], [124.61865805102846, -9.151899227815575], [124.6361474805245, -9.131009115342732], [124.64558867697811, -9.12480946906047], [124.65874444252823, -9.125483343656366], [124.66942382868068, -9.119283697374104], [124.68567506847789, -9.096371961113569], [124.69078260098559, -9.082220594599708], [124.69697354947975, -9.053917861571986], [124.70827203048162, -9.050413713673315], [124.71833232178466, -9.051896237784291], [124.72963080278652, -9.058904533581632], [124.75779961843502, -9.0412490191691], [124.7660026251898, -9.032758199260783], [124.77219357368396, -9.032084324664886], [124.78411114953525, -9.020358906696258], [124.79231415629003, -9.018337282908563], [124.8016005790313, -9.00849871380845], [124.81599453428025, -9.002433842445367], [124.83054326324157, -9.002433842445367], [124.84741359788819, -9.006207540182396], [124.87620150838609, -8.981813279810885], [124.88997636878563, -8.974939758932724], [124.90762057199403, -8.969683537084718], [124.92696728603832, -8.966448939024406], [124.93764667219077, -8.957553794358551], [124.95265972228914, -8.960249292742144], [124.95204062743973, -8.967392363458664], [124.94074214643786, -8.97965688110401], [124.93393210309426, -8.996503746001464], [124.93702757734135, -9.016854758797587], [124.93207481854601, -9.028310626927857], [124.9419803361367, -9.036801446836172], [124.9425994309861, -9.048931189562339], [124.95838634964625, -9.058904533581632], [124.97030392549753, -9.057152459632295], [124.98407878589708, -9.065912829378972], [125.00218731024253, -9.064160755429636], [125.01039031699732, -9.050144163834956], [125.01905764488916, -9.050683263511674], [125.020295834588, -9.043540192795154], [125.04289279659173, -9.031814774826525], [125.05233399304535, -9.031814774826525], [125.0579058466901, -9.02682810281688], [125.06610885344489, -9.028310626927857], [125.08746762574978, -9.01267673630302], [125.09938520160107, -8.999468794223414], [125.10248067584816, -8.988012926093147], [125.10248067584816, -8.974670209094363], [125.11192187230176, -8.967392363458664], [125.11749372594653, -8.969953086923077], [125.13374496574373, -8.988552025769867], [125.13560225029198, -8.995560321567206], [125.14751982614327, -8.996234196163105], [125.15943740199455, -9.00472501607142], [125.16454493450225, -9.01267673630302], [125.18451074339596, -9.026289003140162], [125.18451074339596, -9.03774487127043], [125.18899918105424, -9.044214067391051], [125.18838008620482, -9.057961109147374], [125.18389164854653, -9.063621655752918], [125.18451074339596, -9.079525096216114], [125.17893888975121, -9.086533392013456], [125.17831979490178, -9.100145658850597], [125.17321226239409, -9.106075755294501], [125.17831979490178, -9.111871076819225], [125.17135497784584, -9.120092346889182], [125.17708160520294, -9.143408407907257], [125.18512983824537, -9.145430031694952], [125.19333284500016, -9.154325176360807], [125.17383135724351, -9.173732764722674], [125.1481389209927, -9.170767716500723], [125.13312587089432, -9.17521528883365], [125.12182738989245, -9.185592957610481], [125.10248067584816, -9.195835851468132], [125.09365857424396, -9.197318375579108], [125.07988371384442, -9.188423230913253], [125.07431186019966, -9.17521528883365], [125.05991790495071, -9.172924115207596], [125.05295308789476, -9.168746092713029], [125.04103551204348, -9.174676189156932], [125.0328325052887, -9.169959066985644], [125.0134857912444, -9.173193665045956], [124.99909183599544, -9.186401607125559], [124.98268582248589, -9.192870803246182], [124.98144763278705, -9.209717668143634], [124.98268582248589, -9.241524549070027], [124.98531697559591, -9.251497893089319], [124.99723455144719, -9.26537970976482], [124.99785364629662, -9.278048552167705], [124.99522249318659, -9.29125649424731], [125.00652097418846, -9.29449109230762], [125.01410488609382, -9.30244281253922], [125.03546365839873, -9.323602474850421], [125.04289279659173, -9.321311301224366], [125.05233399304535, -9.331554195082019], [125.04861942394884, -9.353118182150759], [125.05295308789476, -9.36363062584677], [125.06053699980012, -9.372525770512626], [125.0755500498985, -9.383981638642894], [125.08050280869384, -9.394359307419725], [125.07678823959733, -9.398133005156755], [125.08112190354325, -9.41430599545831], [125.08112190354325, -9.446382426223062], [125.0880867205992, -9.462959741282155], [125.07106161224021, -9.482367329644022], [125.06487066374605, -9.481423905209764], [125.04985761364767, -9.49004950003726], [125.02849884134278, -9.507705014449792], [125.01534307579266, -9.521182506367754], [125.00404459479078, -9.53708594683095], [124.99599636174835, -9.555415335839381], [124.98717426014416, -9.586278792331516], [124.98593607044533, -9.59921718457276], [124.98655516529475, -9.630484965822433], [124.98144763278705, -9.640997409518445], [124.94832605834323, -9.673747714879093], [124.93826576704019, -9.68223853478741], [124.9175260895847, -9.684664483332643], [124.8924527481833, -9.697333325735528], [124.873106034139, -9.713775865875443], [124.84679450303877, -9.738170126246956], [124.83425783233807, -9.755286540982768], [124.82172116163736, -9.778602602000843], [124.80794630123782, -9.789519370454395], [124.220115741716, -10.162845896581963], [124.20370972820645, -10.162845896581963], [124.18745848840923, -10.156915800138059], [124.16749267951552, -10.155702825865443], [124.13916909015468, -10.161363372470987], [124.12106056580922, -10.169854192379304], [124.10666661056027, -10.180231861156134], [124.10155907805257, -10.179288436721878], [124.0959872244078, -10.192496378801481], [124.08035507946002, -10.204356571689289], [124.07973598461061, -10.21850793820315], [124.06905659845816, -10.228481282222441]], [[124.80794630123782, -9.784802248283107], [124.80732720638841, -9.788306396181778], [124.80794630123782, -9.785880447636544], [124.80794630123782, -9.785071798121466], [124.80794630123782, -9.784802248283107]], [[124.80580126837928, -9.777596535702743], [124.80732720638841, -9.778872151839202], [124.80732720638841, -9.777659177566587], [124.80608901668957, -9.777659177566587], [124.80580126837928, -9.777596535702743]], [[124.80345786357955, -9.775637553778893], [124.80423173214132, -9.776850528051508], [124.80485082699074, -9.777389627728228], [124.80580126837928, -9.777596535702743], [124.80345786357955, -9.775637553778893]], [[124.80918449093666, -9.780624225788538], [124.80918449093666, -9.78008512611182], [124.80856539608725, -9.78008512611182], [124.80980358578607, -9.782106749899514], [124.80980358578607, -9.781837200061155], [124.80980358578607, -9.781163325465258], [124.80918449093666, -9.780893775626897], [124.80918449093666, -9.780624225788538]], [[124.80260393964932, -9.774694129344635], [124.80345786357955, -9.775368003940534], [124.80283876873013, -9.774694129344635], [124.80260393964932, -9.774694129344635]], [[124.79850510478421, -9.771459531284323], [124.79850510478421, -9.771729081122682], [124.79850510478421, -9.77267250555694], [124.79974329448305, -9.774155029667916], [124.80036238933246, -9.774694129344635], [124.80098148418188, -9.774694129344635], [124.8016005790313, -9.774694129344635], [124.80221967388071, -9.774694129344635], [124.80260393964932, -9.774694129344635], [124.79850510478421, -9.771459531284323]], [[124.79898662300042, -9.754777391288089], [124.79912419963362, -9.755825640659486], [124.79912419963362, -9.755286540982768], [124.79898662300042, -9.754777391288089]], [[124.79850510478421, -9.7511085184882], [124.79850510478421, -9.752591042599176], [124.79850510478421, -9.752995367356714], [124.79898662300042, -9.754777391288089], [124.79850510478421, -9.7511085184882]], [[124.80221967388071, -9.737091926893518], [124.80098148418188, -9.739383100519571], [124.79912419963362, -9.745043647125117], [124.79788600993479, -9.748547795023788], [124.79788600993479, -9.749356444538865], [124.80221967388071, -9.737091926893518]], [[124.81227996518375, -9.68938160550393], [124.81227996518375, -9.690190255019008], [124.814137249732, -9.683721058898385], [124.81227996518375, -9.68938160550393]], [[124.81800659254085, -9.676982312939405], [124.81537543943084, -9.681968984949052], [124.81862568739028, -9.676443213262687], [124.81800659254085, -9.676982312939405]], [[124.79850510478421, -9.644905882174653], [124.8016005790313, -9.64962300434594], [124.79355234598887, -9.636280287347157], [124.79293325113946, -9.637762811458133], [124.79850510478421, -9.644905882174653]], [[124.79231415629003, -9.634258663559462], [124.79293325113946, -9.63479776323618], [124.79417144083828, -9.631967489933409], [124.79231415629003, -9.634258663559462]], [[124.79479053568771, -9.631024065499151], [124.79610156007472, -9.629121360757791], [124.79540963053712, -9.629271991549816], [124.79479053568771, -9.630215415984074], [124.79479053568771, -9.630484965822433], [124.79479053568771, -9.630754515660792], [124.79479053568771, -9.631024065499151]], [[124.79664782023596, -9.629002441711457], [124.79664782023596, -9.62832856711556], [124.79610156007472, -9.629121360757791], [124.79664782023596, -9.629002441711457]], [[124.79664782023596, -9.62751991760048], [124.79774034055846, -9.624824419216889], [124.79726691508537, -9.624824419216889], [124.79664782023596, -9.626576493166224], [124.79664782023596, -9.62751991760048]], [[124.79788600993479, -9.624824419216889], [124.79788600993479, -9.62455486937853], [124.79788600993479, -9.624465019432431], [124.79774034055846, -9.624824419216889], [124.79788600993479, -9.624824419216889]], [[124.79814945455158, -9.623815041098768], [124.79788600993479, -9.62401576970181], [124.79788600993479, -9.62428531954017], [124.79788600993479, -9.624465019432431], [124.79814945455158, -9.623815041098768]], [[124.79912419963362, -9.623072345267554], [124.79912419963362, -9.622533245590835], [124.79974329448305, -9.6207811716415], [124.80036238933246, -9.619837747207242], [124.80036238933246, -9.619568197368883], [124.80036238933246, -9.618355223096266], [124.79814945455158, -9.623815041098768], [124.79912419963362, -9.623072345267554]], [[124.79850510478421, -9.615659724712675], [124.79850510478421, -9.616333599308572], [124.79912419963362, -9.61660314914693], [124.79912419963362, -9.61687269898529], [124.79912419963362, -9.617142248823649], [124.79974329448305, -9.617546573581189], [124.79850510478421, -9.614581525359236], [124.79788600993479, -9.615390174874314], [124.79850510478421, -9.615659724712675]], [[124.79664782023596, -9.61336855108662], [124.79726691508537, -9.61390765076334], [124.79726691508537, -9.61363810092498], [124.79726691508537, -9.61336855108662], [124.79664782023596, -9.61336855108662]], [[124.79602872538653, -9.61309900124826], [124.79664782023596, -9.61309900124826], [124.79540963053712, -9.612829451409901], [124.79602872538653, -9.61309900124826]], [[124.78720662378234, -9.59948673441112], [124.78906390833059, -9.601643133117992], [124.78844481348118, -9.600160609007016], [124.78782571863177, -9.599891059168657], [124.78720662378234, -9.59948673441112]], [[124.78411114953525, -9.59867808489604], [124.78658752893293, -9.59867808489604], [124.78534933923409, -9.598004210300143], [124.78411114953525, -9.59867808489604]], [[124.77528904793105, -9.598004210300143], [124.78163477013759, -9.59840853505768], [124.78101567528817, -9.597195560785066], [124.77838452217814, -9.596926010946706], [124.77776542732873, -9.596926010946706], [124.77652723762989, -9.597195560785066], [124.77528904793105, -9.598004210300143]], [[124.77466995308164, -9.59840853505768], [124.77281266853338, -9.59820637267891], [124.77405085823221, -9.59840853505768], [124.77466995308164, -9.59840853505768]], [[124.77157447883455, -9.598004210300143], [124.77095538398514, -9.598004210300143], [124.77281266853338, -9.59820637267891], [124.77157447883455, -9.598004210300143]], [[124.76909809943689, -9.598004210300143], [124.7697171942863, -9.598004210300143], [124.76724081488862, -9.597465110623425], [124.76785990973805, -9.597734660461784], [124.76909809943689, -9.598004210300143]], [[124.7639905669292, -9.597195560785066], [124.76662172003921, -9.597465110623425], [124.76522875662802, -9.597195560785066], [124.7639905669292, -9.597195560785066]], [[124.75903780813385, -9.600969258522095], [124.76275237723036, -9.597465110623425], [124.76151418753152, -9.598004210300143], [124.7608950926821, -9.598947634734401], [124.75903780813385, -9.600969258522095]], [[124.75408504933851, -9.607168904804357], [124.75779961843502, -9.60218223279471], [124.75532323903735, -9.605147281016663], [124.75408504933851, -9.607168904804357]], [[124.70418600447546, -9.636684612104697], [124.70517655623453, -9.636684612104697], [124.70517655623453, -9.636010737508798], [124.70455746138512, -9.636280287347157], [124.70418600447546, -9.636684612104697]], [[124.70331927168628, -9.636684612104697], [124.7039383665357, -9.636954161943056], [124.70418600447546, -9.636684612104697], [124.70331927168628, -9.636684612104697]], [[124.70270017683687, -9.636684612104697], [124.70307163374652, -9.635956827541126], [124.70270017683687, -9.636280287347157], [124.70270017683687, -9.636684612104697]], [[124.70331927168628, -9.635741187670439], [124.70331927168628, -9.63547163783208], [124.70307163374652, -9.635956827541126], [124.70331927168628, -9.635741187670439]], [[124.70331927168628, -9.63479776323618], [124.7039383665357, -9.63520208799372], [124.7039383665357, -9.633989113721103], [124.70331927168628, -9.63479776323618]], [[124.7039383665357, -9.633045689286845], [124.70331927168628, -9.632651226108761], [124.70331927168628, -9.632776139448486], [124.7039383665357, -9.633045689286845]], [[124.70331927168628, -9.632506589610127], [124.70270017683687, -9.63156316517587], [124.70192630827509, -9.63129361533751], [124.70192630827509, -9.631024065499151], [124.70192630827509, -9.630215415984074], [124.70130721342568, -9.629811091226536], [124.70130721342568, -9.629271991549816], [124.70130721342568, -9.629002441711457], [124.70068811857627, -9.629002441711457], [124.70006902372684, -9.629002441711457], [124.69944992887743, -9.62832856711556], [124.698830834028, -9.62832856711556], [124.69821173917859, -9.628732891873097], [124.69759264432918, -9.628732891873097], [124.69759264432918, -9.62832856711556], [124.69697354947975, -9.62832856711556], [124.69697354947975, -9.628732891873097], [124.69759264432918, -9.629002441711457], [124.70331927168628, -9.632651226108761], [124.70331927168628, -9.632506589610127]], [[124.69697354947975, -9.629541541388175], [124.69697354947975, -9.629271991549816], [124.69635445463034, -9.629002441711457], [124.69697354947975, -9.629541541388175]], [[124.6951162649315, -9.629002441711457], [124.69573535978093, -9.62832856711556], [124.6951162649315, -9.628732891873097], [124.6951162649315, -9.629002441711457]], [[124.69078260098559, -9.631967489933409], [124.691401695835, -9.631967489933409], [124.69263988553384, -9.632237039771768], [124.69325898038325, -9.631967489933409], [124.69325898038325, -9.63156316517587], [124.69387807523267, -9.63129361533751], [124.6951162649315, -9.631024065499151], [124.69635445463034, -9.630754515660792], [124.69635445463034, -9.630484965822433], [124.69635445463034, -9.630215415984074], [124.69078260098559, -9.631967489933409]], [[124.68877054272498, -9.631967489933409], [124.69078260098559, -9.63156316517587], [124.68954441128675, -9.63129361533751], [124.68877054272498, -9.631967489933409]], [[124.68567506847789, -9.630484965822433], [124.68536552105317, -9.630619740741611], [124.68567506847789, -9.630754515660792], [124.68567506847789, -9.630484965822433]], [[124.68505597362847, -9.630484965822433], [124.68505597362847, -9.630215415984074], [124.68443687877905, -9.630484965822433], [124.68505597362847, -9.630754515660792], [124.68536552105317, -9.630619740741611], [124.68505597362847, -9.630484965822433]], [[124.68443687877905, -9.630754515660792], [124.68443687877905, -9.631024065499151], [124.68505597362847, -9.631024065499151], [124.68443687877905, -9.630754515660792]], [[124.6825795942308, -9.63156316517587], [124.68319868908021, -9.63156316517587], [124.68319868908021, -9.631967489933409], [124.68381778392964, -9.632237039771768], [124.68381778392964, -9.631967489933409], [124.68443687877905, -9.631024065499151], [124.6825795942308, -9.63156316517587]], [[124.68134140453196, -9.630754515660792], [124.68072230968255, -9.630754515660792], [124.68072230968255, -9.631024065499151], [124.68196049938139, -9.631024065499151], [124.68196049938139, -9.630754515660792], [124.6825795942308, -9.630754515660792], [124.68134140453196, -9.630484965822433], [124.68134140453196, -9.630754515660792]], [[124.67948411998371, -9.631024065499151], [124.68010321483314, -9.63129361533751], [124.68072230968255, -9.631024065499151], [124.67948411998371, -9.631024065499151]], [[124.67948411998371, -9.630754515660792], [124.6788650251343, -9.630574815768554], [124.6788650251343, -9.630754515660792], [124.67948411998371, -9.630754515660792]], [[124.6788650251343, -9.630484965822433], [124.6788650251343, -9.630215415984074], [124.6788650251343, -9.629811091226536], [124.67824593028487, -9.629811091226536], [124.67824593028487, -9.630215415984074], [124.67824593028487, -9.630395115876311], [124.6788650251343, -9.630574815768554], [124.6788650251343, -9.630484965822433]], [[124.67762683543546, -9.630215415984074], [124.67824593028487, -9.630484965822433], [124.67824593028487, -9.630395115876311], [124.67762683543546, -9.630215415984074]], [[124.67700774058605, -9.629271991549816], [124.67700774058605, -9.629541541388175], [124.67762683543546, -9.629811091226536], [124.67762683543546, -9.629541541388175], [124.67700774058605, -9.629271991549816]], [[124.67313839777718, -9.628539835907784], [124.67313839777718, -9.629811091226536], [124.6737574926266, -9.629811091226536], [124.6737574926266, -9.629271991549816], [124.67437658747602, -9.629541541388175], [124.67437658747602, -9.629811091226536], [124.67499568232543, -9.629811091226536], [124.67623387202427, -9.629811091226536], [124.67700774058605, -9.629541541388175], [124.67313839777718, -9.628539835907784]], [[124.67313839777718, -9.62832856711556], [124.67251930292777, -9.62832856711556], [124.67232231820296, -9.62832856711556], [124.67313839777718, -9.628539835907784], [124.67313839777718, -9.62832856711556]], [[124.67190020807836, -9.628219290154062], [124.67190020807836, -9.62832856711556], [124.67232231820296, -9.62832856711556], [124.67190020807836, -9.628219290154062]], [[124.67190020807836, -9.628059017277199], [124.67128111322893, -9.628059017277199], [124.67190020807836, -9.628219290154062], [124.67190020807836, -9.628059017277199]], [[124.67251930292777, -9.627250367762121], [124.67190020807836, -9.626980817923762], [124.67128111322893, -9.627250367762121], [124.67066201837952, -9.627250367762121], [124.67190020807836, -9.62751991760048], [124.67251930292777, -9.627250367762121]], [[124.66880473383127, -9.62751991760048], [124.6700429235301, -9.627250367762121], [124.66942382868068, -9.627250367762121], [124.66880473383127, -9.62751991760048]], [[124.66307810647416, -9.625767843651147], [124.66385197503593, -9.625767843651147], [124.66385197503593, -9.626037393489504], [124.66385197503593, -9.626306943327865], [124.66307810647416, -9.626980817923762], [124.66447106988534, -9.626980817923762], [124.66632835443359, -9.627250367762121], [124.66756654413243, -9.627789467438841], [124.66818563898184, -9.627789467438841], [124.66052347716987, -9.621504146393834], [124.66307810647416, -9.625767843651147]], [[124.65936353737764, -9.619568197368883], [124.65812534767882, -9.619029097692165], [124.65750625282939, -9.619029097692165], [124.66052347716987, -9.621504146393834], [124.65936353737764, -9.619568197368883]], [[124.65317258888348, -9.618355223096266], [124.65193439918464, -9.61599345308397], [124.65193439918464, -9.61687269898529], [124.65255349403405, -9.617816123419548], [124.65317258888348, -9.618355223096266]], [[124.65193439918464, -9.615390174874314], [124.65114961297512, -9.614496522090713], [124.65193439918464, -9.61599345308397], [124.65193439918464, -9.615390174874314]], [[124.64992234092404, -9.612155576814004], [124.64930324607461, -9.612155576814004], [124.64992234092404, -9.612425126652363], [124.64992234092404, -9.61309900124826], [124.65114961297512, -9.614496522090713], [124.64992234092404, -9.612155576814004]], [[124.64992234092404, -9.611616477137286], [124.65109604157605, -9.609336534754497], [124.64992234092404, -9.610673052703028], [124.64992234092404, -9.611616477137286]], [[124.65193439918464, -9.608381879076974], [124.65193439918464, -9.608112329238615], [124.65193439918464, -9.607708004481076], [124.65109604157605, -9.609336534754497], [124.65193439918464, -9.608381879076974]], [[124.65092837005434, -9.607034129885179], [124.65131530433523, -9.607168904804357], [124.65193439918464, -9.607168904804357], [124.65092837005434, -9.607034129885179]], [[124.65054143577345, -9.606899354965998], [124.64992234092404, -9.606899354965998], [124.65092837005434, -9.607034129885179], [124.65054143577345, -9.606899354965998]], [[124.79726691508537, -9.763507811052726], [124.79726691508537, -9.764451235486984], [124.79726691508537, -9.767011958951397], [124.79726691508537, -9.767416283708934], [124.79726691508537, -9.767685833547294], [124.79726691508537, -9.768224933224012], [124.79788600993479, -9.768224933224012], [124.79788600993479, -9.769707457334988], [124.79788600993479, -9.770650881769246], [124.79912419963362, -9.758790688881438], [124.79850510478421, -9.759464563477337], [124.79850510478421, -9.759734113315696], [124.79788600993479, -9.760003663154055], [124.79788600993479, -9.760542762830774], [124.79726691508537, -9.760947087588313], [124.79726691508537, -9.761216637426672], [124.79726691508537, -9.761486187265032], [124.79726691508537, -9.76202528694175], [124.79726691508537, -9.763238261214367], [124.79726691508537, -9.763507811052726]], [[124.68715137158034, -9.631024065499151], [124.68815144787555, -9.631967489933409], [124.68753235302614, -9.631024065499151], [124.68715137158034, -9.631024065499151]], [[124.6862941633273, -9.630215415984074], [124.68691325817673, -9.631024065499151], [124.68715137158034, -9.631024065499151], [124.6862941633273, -9.630215415984074]]], [[[124.28016794210949, -8.470342461524197], [124.29084732826195, -8.470342461524197], [124.29409757622138, -8.482337429331183], [124.28403728491836, -8.482606979169542], [124.27459608846473, -8.488806625451806], [124.26964332966939, -8.478563731594154], [124.28016794210949, -8.470342461524197]]], [[[123.8803874430982, -8.441500628819757], [123.87481558945345, -8.43287503399226], [123.8854949756059, -8.424653763922302], [123.89292411379891, -8.430314310527848], [123.8803874430982, -8.441500628819757]]], [[[123.82590709634947, -8.414006545307112], [123.81337042564877, -8.408750323459106], [123.80826289314108, -8.387860210986265], [123.80826289314108, -8.372765420038146], [123.81522771019702, -8.366026674079166], [123.82900257059656, -8.36750919819014], [123.83534829280309, -8.37141767084635], [123.83534829280309, -8.394868506783606], [123.83782467220075, -8.4107719472468], [123.82590709634947, -8.414006545307112]]], [[[123.954988372453, -8.349314584100892], [123.954988372453, -8.35659242973659], [123.94492808114997, -8.364005050291471], [123.94121351205347, -8.376134793017638], [123.93053412590102, -8.382603989138259], [123.91552107580264, -8.380447590431384], [123.90112712055368, -8.37168722068471], [123.90112712055368, -8.361579101746237], [123.91118741185672, -8.35659242973659], [123.93486778984693, -8.35335783167628], [123.93997532235463, -8.349314584100892], [123.954988372453, -8.349314584100892]]], [[[124.30338399896264, -8.289474519985136], [124.30911062631975, -8.301873812549662], [124.30849153147034, -8.312521031164852], [124.3021458092638, -8.329502670981485], [124.29208551796077, -8.33920646516242], [124.27769156271182, -8.33920646516242], [124.26639308170995, -8.350797108211866], [124.25014184191275, -8.358074953847566], [124.23389060211554, -8.379908490754666], [124.23079512786845, -8.39257733315755], [124.2143891143589, -8.407806899024848], [124.20881726071414, -8.41791501796332], [124.21005545041297, -8.426675387709997], [124.20634088131646, -8.437053056486828], [124.21253182981064, -8.459695242909007], [124.19380421061577, -8.484089503280519], [124.18683939355982, -8.488806625451806], [124.17801729195563, -8.484493828038058], [124.17616000740736, -8.495680146329967], [124.16873086921436, -8.503901416399923], [124.1699690589132, -8.510101062682187], [124.15743238821248, -8.516570258802808], [124.14799119175888, -8.525061078711126], [124.14613390721063, -8.534495323053699], [124.12106056580922, -8.545412091507249], [124.08468874340595, -8.544738216911352], [124.07215207270525, -8.550398763516895], [124.06271087625163, -8.550129213678536], [124.05528173805862, -8.543255692800376], [124.05528173805862, -8.520343956539838], [124.06534202936166, -8.499184294228638], [124.06534202936166, -8.489480500047703], [124.05528173805862, -8.477889856998257], [124.05713902260688, -8.46912948725158], [124.05280535866095, -8.462390741292598], [124.05404354835979, -8.453495596626743], [124.04336416220734, -8.449048024293816], [124.03454206060314, -8.421149616023632], [124.02014810535418, -8.416432493852346], [124.00265867585814, -8.416432493852346], [123.98315718810149, -8.420206191589376], [123.97510895505907, -8.434088008264876], [123.96566775860545, -8.436783506648469], [123.95189289820591, -8.445543876395146], [123.9461662708488, -8.459425693070646], [123.92171202429681, -8.44756550018284], [123.9136637912544, -8.437053056486828], [123.93548688469636, -8.423171239811326], [123.94554717599938, -8.407806899024848], [123.94368989145113, -8.392307783319191], [123.95375018275416, -8.367778748028499], [123.96257228435836, -8.357266304332489], [123.96504866375604, -8.347562510151555], [123.98377628295091, -8.336376191859646], [124.00637324495464, -8.329233121143126], [124.01705263110709, -8.321955275507426], [124.02510086414952, -8.312116706407313], [124.03454206060314, -8.309825532781261], [124.0583772123057, -8.292978667883807], [124.07586664180175, -8.30268246206474], [124.08530783825536, -8.313599230518289], [124.08592693310479, -8.333950243314414], [124.08840331250245, -8.340149889596676], [124.08592693310479, -8.354570805948896], [124.09660631925723, -8.357535854170848], [124.08902240735186, -8.366700548675063], [124.09722541410665, -8.375460918421739], [124.10542842086143, -8.377482542209433], [124.10480932601202, -8.388129760824624], [124.11982237611038, -8.38193011454236], [124.10976208480736, -8.37492181874502], [124.10295204146377, -8.362252976342134], [124.10852389510852, -8.356322879898231], [124.1329781416605, -8.344327912091245], [124.13359723650993, -8.33920646516242], [124.15046757115654, -8.318990227285475], [124.16300424185725, -8.312790581003211], [124.16749267951552, -8.291226593934471], [124.18498210901157, -8.273840629360299], [124.19999515910993, -8.276805677582251], [124.21377001950947, -8.258611063493001], [124.21377001950947, -8.249446368988787], [124.22506850051134, -8.232060404414614], [124.23141422271787, -8.213596240487005], [124.23760517121204, -8.210226867507515], [124.251999126461, -8.191762703579906], [124.26701217655938, -8.185563057297642], [124.27769156271182, -8.17558971327835], [124.29022823341252, -8.173837639329015], [124.30462218866148, -8.175185388520811], [124.3197900124722, -8.180306835449638], [124.32907643521347, -8.202679472033456], [124.32907643521347, -8.213596240487005], [124.32350458156871, -8.234082028202309], [124.30462218866148, -8.253624391483354], [124.29905033501672, -8.26683233356296], [124.30462218866148, -8.281792349591896], [124.30338399896264, -8.289474519985136]]], [[[124.33727944196825, -8.276536127743892], [124.35600706116313, -8.275997028067174], [124.36916282671324, -8.282196674349436], [124.3761276437692, -8.295404616429039], [124.37365126437152, -8.30632138488259], [124.36606735246616, -8.314812204790906], [124.36235278336964, -8.324785548810198], [124.34223220076359, -8.325459423406096], [124.32845734036405, -8.322763925022503], [124.32226639186987, -8.316564278740241], [124.31530157481393, -8.297156690378374], [124.32660005581579, -8.282466224187795], [124.33727944196825, -8.276536127743892]]], [[[124.64744596152636, -8.172894214894757], [124.66245901162473, -8.168177092723472], [124.66756654413243, -8.162246996279567], [124.67499568232543, -8.164672944824801], [124.69449717008209, -8.156990774431563], [124.72452327027884, -8.156047349997305], [124.73767903582895, -8.153756176371251], [124.75145389622848, -8.14674788057391], [124.7571805235856, -8.149982478634222], [124.77281266853339, -8.146074005978011], [124.78596843408351, -8.149039054199964], [124.79417144083828, -8.156990774431563], [124.80423173214132, -8.158473298542537], [124.81289906003316, -8.164403394986442], [124.82791211013154, -8.166155468935777], [124.84106787568166, -8.163459970552184], [124.86118845828773, -8.166964118450855], [124.88749998938796, -8.16494249466316], [124.897560280691, -8.161977446441208], [124.91876427928354, -8.163459970552184], [124.93130094998425, -8.151734552583557], [124.94646877379498, -8.144052382190317], [124.95513610168682, -8.145265356462934], [124.96581548783927, -8.142030758402623], [124.96767277238752, -8.148769504361605], [124.98206672763646, -8.152273652260275], [124.98965063954184, -8.15052157831094], [124.99723455144719, -8.156990774431563], [125.00853303244907, -8.156990774431563], [125.02540336709569, -8.149039054199964], [125.04800032909942, -8.146343555816372], [125.05295308789476, -8.149578153876682], [125.079264618995, -8.148769504361605], [125.09056309999687, -8.144861031705396], [125.09938520160107, -8.149982478634222], [125.1006233912999, -8.161707896602849], [125.11254096715119, -8.192975677852523], [125.13436406059316, -8.218852462335011], [125.14194797249851, -8.238260050696876], [125.14256706734793, -8.252411417210737], [125.13637611885376, -8.270606031299987], [125.12817311209898, -8.282196674349436], [125.12941130179782, -8.296887140540015], [125.13560225029198, -8.315081754629265], [125.14070978279968, -8.319259777123834], [125.1256967327013, -8.337184841374725], [125.10929071919175, -8.343654037495346], [125.09551585879221, -8.344327912091245], [125.08746762574978, -8.348101609828275], [125.07740733444675, -8.347562510151555], [125.05991790495071, -8.357266304332489], [125.04985761364767, -8.353627381514638], [125.03546365839873, -8.35308828183792], [125.01843855003975, -8.35659242973659], [125.01410488609382, -8.35308828183792], [124.98345969104766, -8.35686197957495], [124.96891096208635, -8.36023135255444], [124.94956424804205, -8.355783780221513], [124.88130904089378, -8.365487574402446], [124.86366483768539, -8.37492181874502], [124.84307993394226, -8.382199664380721], [124.83921059113341, -8.387321111309546], [124.82791211013154, -8.384356063087594], [124.82110206678794, -8.390151384612318], [124.806708111539, -8.39635103089458], [124.78844481348118, -8.400798603227509], [124.78101567528817, -8.399585628954892], [124.77405085823221, -8.405246175560436], [124.7608950926821, -8.402281127338485], [124.74154837863782, -8.404976625722078], [124.72452327027884, -8.399855178793251], [124.71771322693525, -8.404976625722078], [124.71074840987929, -8.40052905338915], [124.69016350613616, -8.393790307430168], [124.68443687877905, -8.395272831541144], [124.65750625282939, -8.390555709369856], [124.63877863363452, -8.401742027661765], [124.61618167163078, -8.419397542074297], [124.59048923537996, -8.43287503399226], [124.56541589397855, -8.435570532375852], [124.54715259592075, -8.442309278334834], [124.53972345772773, -8.441500628819757], [124.53028226127412, -8.426136288033279], [124.51960287512168, -8.420475741427735], [124.49452953372027, -8.418993217316759], [124.48261195786898, -8.423171239811326], [124.46883709746945, -8.43610963205257], [124.44624013546571, -8.447026400506122], [124.43943009212212, -8.453495596626743], [124.41435675072071, -8.459425693070646], [124.4205476992149, -8.445274326556786], [124.4174522249678, -8.438535580597804], [124.39361707326523, -8.442039728496475], [124.38108040256452, -8.437592156163547], [124.3730321695221, -8.442578828173193], [124.36235278336964, -8.442309278334834], [124.35229249206662, -8.436783506648469], [124.33975582136591, -8.415758619256447], [124.34223220076359, -8.39257733315755], [124.34981611266895, -8.383143088814977], [124.36482916276732, -8.372226320361428], [124.37488945407036, -8.353627381514638], [124.39872460577293, -8.326268072921174], [124.40491555426709, -8.31332968067993], [124.40677283881534, -8.295404616429039], [124.41435675072071, -8.290687494257753], [124.42317885232491, -8.292439568207088], [124.44190647151979, -8.28071415023846], [124.44314466121862, -8.272358105249323], [124.47518281967598, -8.254702590836793], [124.49762500796736, -8.25214186737238], [124.50397073017388, -8.258341513654642], [124.51217373692866, -8.249176819150428], [124.53662798348066, -8.237720951020158], [124.54219983712541, -8.228017156839226], [124.5615465511697, -8.221143635961065], [124.5541174129767, -8.213596240487005], [124.54715259592075, -8.2228957099104], [124.53972345772773, -8.224378234021376], [124.53275864067179, -8.217639488062394], [124.5083043941198, -8.224782558778914], [124.50211344562562, -8.222356610233682], [124.49638681826852, -8.231790854576255], [124.48957677492493, -8.230577880303638], [124.47704010422423, -8.239742574807853], [124.45506223706991, -8.249715918827146], [124.45320495252166, -8.254433040998432], [124.44004918697154, -8.258341513654642], [124.42936980081909, -8.265619359290342], [124.41311856102188, -8.270606031299987], [124.40677283881534, -8.267775757997216], [124.40615374396593, -8.251467992776481], [124.40243917486943, -8.237047076424261], [124.39547435781348, -8.22976923078856], [124.39996279547175, -8.214674439840444], [124.40615374396593, -8.209957317669156], [124.43695371272445, -8.171142140945422], [124.44314466121862, -8.166694568612495], [124.44562104061629, -8.155777800158946], [124.45753861646757, -8.142300308240983], [124.47704010422423, -8.128148941727122], [124.48895768007552, -8.126666417616146], [124.5045898250233, -8.13259651406005], [124.51465011632634, -8.123701369394194], [124.53028226127412, -8.121949295444859], [124.53523502006946, -8.126935967454505], [124.54916465418135, -8.1216797456065], [124.56092745632029, -8.123701369394194], [124.58476260802286, -8.124914343666811], [124.59977565812122, -8.1216797456065], [124.60116862153241, -8.133674713413486], [124.59296561477763, -8.142300308240983], [124.59482289932589, -8.176398362793428], [124.5917274250788, -8.183810983348309], [124.59729927872355, -8.192571353094984], [124.607978664876, -8.197018925427912], [124.62113443042612, -8.185023957620924], [124.64001682333335, -8.178824311338662], [124.64744596152636, -8.172894214894757]]], [[[124.07029478815699, -8.236238426909182], [124.07339026240408, -8.225052108617273], [124.0865460279542, -8.220874086122706], [124.09474903470898, -8.226130307970712], [124.08468874340595, -8.237990500858519], [124.07029478815699, -8.236238426909182]]], [[[124.03903049826141, -8.227343282243329], [124.02510086414952, -8.231790854576255], [124.02711292241013, -8.218852462335011], [124.03454206060314, -8.213865790325364], [124.04336416220734, -8.218582912496652], [124.03903049826141, -8.227343282243329]]], [[[124.3798422128657, -8.217100388385676], [124.37488945407036, -8.22653463272825], [124.36173368852023, -8.222087060395323], [124.36544825761673, -8.206722719608845], [124.3767467386186, -8.206722719608845], [124.3798422128657, -8.217100388385676]]], [[[124.38108040256452, -8.17235511521804], [124.37922311801627, -8.182598009075692], [124.37117488497385, -8.183810983348309], [124.36978192156266, -8.169390066996087], [124.38108040256452, -8.17235511521804]]]]}}, {"type": "Feature", "properties": {"provinsi": "KEPULAUAN FLORES"}, "geometry": {"type": "MultiPolygon", "coordinates": [[[[123.84463471554434, -8.209957317669156], [123.86104072905391, -8.212922365891107], [123.87853015854995, -8.207666144043102], [123.88472110704413, -8.209957317669156], [123.90731806904786, -8.21211371637603], [123.92496227225625, -8.244190147140781], [123.91799745520031, -8.253220066725817], [123.89292411379891, -8.259824037765618], [123.87357739975461, -8.26979738178491], [123.85159953260029, -8.272762430006862], [123.83720557735134, -8.280040275642563], [123.83209804484365, -8.275053603632916], [123.80454832404457, -8.269123507189011], [123.78767798939795, -8.272762430006862], [123.78705889454854, -8.279231626127483], [123.77452222384782, -8.282196674349436], [123.75316345154293, -8.29890876432771], [123.73691221174572, -8.326941947517073], [123.7362931168963, -8.337454391213083], [123.72870920499093, -8.34985368377761], [123.71926800853733, -8.357805404009207], [123.70115948419186, -8.381121465027283], [123.70054038934245, -8.392846882995912], [123.69295647743708, -8.408211223782388], [123.67484795309163, -8.422901689972967], [123.65101280138906, -8.424653763922302], [123.65612033389675, -8.408750323459106], [123.64853642199138, -8.40025950355079], [123.62470127028882, -8.401742027661765], [123.61402188413636, -8.415758619256447], [123.59653245464033, -8.4326054841539], [123.58461487878904, -8.441500628819757], [123.567125449293, -8.45120442300069], [123.55396968374288, -8.46535578951455], [123.56387520133356, -8.481798329654465], [123.58028121484313, -8.49797131995602], [123.58832944788554, -8.526004503145383], [123.58399578393963, -8.538673345548268], [123.56898273384125, -8.547703265133304], [123.54762396153635, -8.56711085349517], [123.54390939243984, -8.56333715575814], [123.53013453204031, -8.566571753818451], [123.52131243043611, -8.561585081808804], [123.50877575973541, -8.544738216911352], [123.50877575973541, -8.53395622337698], [123.5050611906389, -8.515357284530193], [123.49004814054054, -8.5126617861466], [123.46745117853679, -8.525061078711126], [123.4623436460291, -8.52357855460015], [123.44733059593074, -8.531530274831749], [123.44547331138249, -8.545951191183967], [123.43169845098294, -8.561315531970445], [123.42473363392699, -8.573040949939074], [123.4053869198827, -8.58126222000903], [123.38789749038666, -8.58153176984739], [123.35462114223047, -8.560641657374546], [123.34394175607802, -8.535034422730417], [123.33713171273443, -8.537460371275651], [123.31639203527895, -8.52357855460015], [123.29008050417872, -8.546894615618225], [123.28125840257451, -8.542447043285296], [123.2592805354202, -8.542986142962016], [123.24813682813068, -8.53772992111401], [123.23358809916937, -8.539751544901705], [123.23234990947054, -8.547972814971661], [123.21919414392042, -8.545951191183967], [123.22043233361926, -8.537460371275651], [123.22677805582578, -8.531530274831749], [123.21671776452276, -8.526543602822102], [123.20727656806913, -8.514144310257576], [123.21671776452276, -8.505923040187618], [123.22615896097636, -8.50915763824793], [123.2342071940188, -8.507136014460235], [123.25618506117311, -8.486785001664112], [123.26872173187381, -8.479372381109233], [123.28311568712276, -8.46144731685834], [123.29069959902813, -8.46198641653506], [123.3057126491265, -8.444330902122529], [123.31701113012836, -8.422901689972967], [123.32892870597965, -8.409693747893364], [123.33388146477499, -8.40025950355079], [123.35214476283281, -8.390555709369856], [123.37536081968597, -8.38583858719857], [123.39223115433258, -8.368452622624398], [123.42612659733818, -8.36723964835178], [123.43665120977828, -8.362792076018854], [123.43990145773772, -8.356053330059872], [123.46435570428972, -8.343923587333705], [123.47302303218156, -8.33489366774867], [123.46621298883797, -8.323303024699223], [123.43603211492886, -8.297695790055094], [123.41668540088457, -8.289474519985136], [123.40600601473211, -8.289204970146777], [123.39780300797734, -8.296213265944118], [123.37536081968597, -8.2956741662674], [123.37087238202768, -8.301334712872944], [123.35462114223047, -8.299447864004428], [123.36715781293118, -8.289204970146777], [123.3677769077806, -8.275997028067174], [123.37969448363188, -8.263867285341007], [123.39780300797734, -8.257667639058743], [123.40724420443095, -8.249985468665505], [123.41854268543283, -8.252680967049098], [123.42535272877642, -8.264406385017725], [123.43788939947711, -8.269123507189011], [123.4392823628883, -8.260632687280696], [123.45042607017781, -8.268045307835575], [123.46497479913913, -8.265080259613622], [123.47936875438808, -8.246481320766835], [123.49500089933588, -8.239473024969495], [123.51945514588786, -8.234486352959848], [123.54004004963099, -8.232329954252974], [123.55195762548227, -8.237720951020158], [123.56077972708647, -8.236777526585902], [123.56387520133356, -8.247155195362733], [123.55010034093402, -8.25214186737238], [123.55319581518111, -8.263328185664289], [123.542671202741, -8.272358105249323], [123.54514758213868, -8.281792349591896], [123.53446819598624, -8.290148394581035], [123.53075362688972, -8.30241291222638], [123.51759786133961, -8.307803908993566], [123.51697876649018, -8.314273105114188], [123.5050611906389, -8.33192861952672], [123.49809637358295, -8.34904503426253], [123.50629938033774, -8.351336207888586], [123.51821695618902, -8.34904503426253], [123.53880185993215, -8.36373550045311], [123.54762396153635, -8.365757124240805], [123.56325610648415, -8.364005050291471], [123.57269730293775, -8.36023135255444], [123.58894854273497, -8.34634953587894], [123.59962792888741, -8.326537622759535], [123.59080582728322, -8.31036463245798], [123.57579277718484, -8.310634182296337], [123.574554587486, -8.286239921924825], [123.58585306848788, -8.286913796520723], [123.60210430828508, -8.283948748298771], [123.60473546139511, -8.300121738600327], [123.59777064433916, -8.30605183504423], [123.59962792888741, -8.316025179063523], [123.63042789764593, -8.293382992641344], [123.6366188461401, -8.280309825480922], [123.62903493423474, -8.267101883401317], [123.62903493423474, -8.250389793423043], [123.62346308058999, -8.242977172868164], [123.60659274594336, -8.236238426909182], [123.60597365109393, -8.216156963951418], [123.61851032179464, -8.222626160072041], [123.63228518219418, -8.213865790325364], [123.64606004259372, -8.214135340163724], [123.65983490299325, -8.226130307970712], [123.65472737048556, -8.238260050696876], [123.65735852359559, -8.249985468665505], [123.66788313603568, -8.253220066725817], [123.6742288582422, -8.249715918827146], [123.69048009803942, -8.25510691559433], [123.69930219964361, -8.25187231753402], [123.70487405328836, -8.237047076424261], [123.69744491509536, -8.22330003466794], [123.70054038934245, -8.214135340163724], [123.7081243012478, -8.21534831443634], [123.71617253429024, -8.210631192265055], [123.7305664895392, -8.207666144043102], [123.73753130659514, -8.202949021871815], [123.75316345154293, -8.183810983348309], [123.77266493929957, -8.170198716511166], [123.78334432545202, -8.167233668289214], [123.80764379829166, -8.17585926311671], [123.81708499474527, -8.187854230923698], [123.83147894999423, -8.198231899700527], [123.8427774309961, -8.199040549215606], [123.84463471554434, -8.209957317669156]]], [[[123.14598617797681, -8.424114664245584], [123.15155803162156, -8.423710339488046], [123.16409470232227, -8.431122960042925], [123.1653328920211, -8.446082976071864], [123.15155803162156, -8.453226046788384], [123.14846255737449, -8.461177767019983], [123.13205654386492, -8.466433988867987], [123.11642439891713, -8.467377413302245], [123.10388772821642, -8.47209453547353], [123.09769677972226, -8.477889856998257], [123.07695710226677, -8.489076175290165], [123.05002647631711, -8.492041223512118], [123.03996618501408, -8.487997975936729], [123.02866770401221, -8.477081207483177], [123.02185766066862, -8.47654210780646], [123.0087018951185, -8.485841577229854], [123.00235617291197, -8.49419762221899], [122.98486674341594, -8.505653490349259], [122.97542554696231, -8.515896384206911], [122.97047278816697, -8.533551898619443], [122.953447679808, -8.55242038730459], [122.95035220556092, -8.568054277929427], [122.9409110091073, -8.590426914513245], [122.92404067446067, -8.605386930542183], [122.91088490891056, -8.611047477147729], [122.90345577071754, -8.609025853360034], [122.89091910001684, -8.611047477147729], [122.88333518811147, -8.604578281027106], [122.88147790356322, -8.594604937007814], [122.87141761226019, -8.586922766614574], [122.87141761226019, -8.57101932615138], [122.88085880871381, -8.55592453520326], [122.88147790356322, -8.53072162531667], [122.88519247265972, -8.523848104438509], [122.90082461760753, -8.511853136631522], [122.92775524355717, -8.498510419632739], [122.94601854161499, -8.492984647946374], [122.95220949010917, -8.471420660877634], [122.95220949010917, -8.460908217181622], [122.96536525565928, -8.445004776718427], [122.97604464181174, -8.43610963205257], [122.99740341411663, -8.435570532375852], [123.0155119384621, -8.448508924617098], [123.02247675551804, -8.448508924617098], [123.03315614167049, -8.442039728496475], [123.03687071076699, -8.435840082214211], [123.08206463477447, -8.43314458383062], [123.10961435557354, -8.43314458383062], [123.11704349376654, -8.435840082214211], [123.13902136092086, -8.423710339488046], [123.14598617797681, -8.424114664245584]]], [[[123.21114591087799, -8.225321658455634], [123.21176500572741, -8.238529600535237], [123.22182529703045, -8.243920597302422], [123.22677805582578, -8.241225098918829], [123.2311117197717, -8.228825806354303], [123.24179110592415, -8.228017156839226], [123.25370868177544, -8.232329954252974], [123.26562625762672, -8.2447292468175], [123.27630564377918, -8.250659343261404], [123.30199808002999, -8.246750870605194], [123.30880812337358, -8.254163491160075], [123.32258298377313, -8.257128539382025], [123.33388146477499, -8.264136835179366], [123.33016689567849, -8.276536127743892], [123.3145347507307, -8.292978667883807], [123.30509355427708, -8.296213265944118], [123.30385536457825, -8.308612558508642], [123.30447445942767, -8.337723941051443], [123.30756993367476, -8.361309551907878], [123.29689054752231, -8.375460918421739], [123.29689054752231, -8.384625612925953], [123.2863659350822, -8.392307783319191], [123.27568654892976, -8.395542381379503], [123.26067349883138, -8.395811931217862], [123.24117201107474, -8.39338598267263], [123.23049262492229, -8.396081481056221], [123.21795595422158, -8.387590661147906], [123.17848865757122, -8.385164712602672], [123.16904746111761, -8.391364358884935], [123.15465350586865, -8.389342735097241], [123.14846255737449, -8.391903458561654], [123.13019925931667, -8.390555709369856], [123.11704349376654, -8.396081481056221], [123.10899526072413, -8.402820227015203], [123.08887467811806, -8.404572300964539], [123.07695710226677, -8.402820227015203], [123.07014705892318, -8.411715371681058], [123.06380133671665, -8.411715371681058], [123.05374104541362, -8.398507429601455], [123.04816919176886, -8.401742027661765], [123.03315614167049, -8.399585628954892], [123.01876218642154, -8.402550677176844], [123.00684461057025, -8.412524021196136], [122.99678431926722, -8.402281127338485], [123.00173707806256, -8.391364358884935], [122.99864160381547, -8.368452622624398], [123.0212385658192, -8.32397689929512], [123.03315614167049, -8.307130034397668], [123.04120437471292, -8.304838860771614], [123.07943348166444, -8.275592703309634], [123.08949377296747, -8.275592703309634], [123.10899526072413, -8.265349809451983], [123.13283041242669, -8.241764198595547], [123.14087864546912, -8.24068599924211], [123.14846255737449, -8.232060404414614], [123.16038013322577, -8.24149464875719], [123.18282232151715, -8.24028167448457], [123.1935017076696, -8.232329954252974], [123.19473989736844, -8.226130307970712], [123.21114591087799, -8.225321658455634]]], [[[120.29133982731318, -8.28071415023846], [120.29814987065677, -8.284757397813848], [120.30635287741154, -8.282196674349436], [120.32012773781108, -8.283544423541233], [120.33514078790945, -8.281522799753539], [120.34086741526657, -8.287183346359082], [120.35402318081668, -8.290148394581035], [120.36207141385911, -8.295404616429039], [120.37662014282041, -8.2877224460358], [120.38838294495935, -8.28799199587416], [120.39534776201529, -8.283005323864515], [120.40726533786658, -8.28098370007682], [120.41283719151134, -8.27330152968358], [120.41345628636076, -8.251467992776481], [120.42862411017148, -8.24095554908047], [120.44239897057102, -8.248502944554529], [120.4523044881617, -8.267775757997216], [120.45106629846286, -8.284757397813848], [120.45926930521765, -8.286509471763184], [120.46623412227359, -8.295404616429039], [120.49254565337382, -8.292709118045448], [120.52009537417291, -8.279231626127483], [120.52504813296824, -8.274244954117838], [120.54006118306661, -8.283005323864515], [120.54129937276545, -8.28799199587416], [120.56203905022093, -8.300930388115404], [120.5696229621263, -8.296617590701656], [120.59082696071884, -8.297156690378374], [120.60150634687129, -8.287452896197442], [120.60522091596779, -8.276536127743892], [120.59345811382886, -8.26683233356296], [120.59082696071884, -8.260902237119055], [120.60088725202188, -8.25537646543269], [120.614043017572, -8.264136835179366], [120.62843697282095, -8.268045307835575], [120.65737965703121, -8.290687494257753], [120.65923694157946, -8.302143362388021], [120.66604698492306, -8.308343008670285], [120.67486908652725, -8.307803908993566], [120.67734546592493, -8.322494375184146], [120.68926304177621, -8.329502670981485], [120.71557457287645, -8.326268072921174], [120.71557457287645, -8.335432767425388], [120.73507606063309, -8.349314584100892], [120.74885092103263, -8.348371159666634], [120.76448306598043, -8.3386673654857], [120.78135340062704, -8.345406111444682], [120.80766493172729, -8.33839781564734], [120.82143979212682, -8.346888635555658], [120.83150008342986, -8.34634953587894], [120.85347795058418, -8.357535854170848], [120.88226586108209, -8.349314584100892], [120.88675429874036, -8.353627381514638], [120.89665981633104, -8.352549182161201], [120.9042437282364, -8.35659242973659], [120.92420953713011, -8.355783780221513], [120.94123464548909, -8.348640709504993], [120.93875826609143, -8.357535854170848], [120.94928287853152, -8.370743796250451], [120.95500950588863, -8.364813699806549], [120.94309193003734, -8.34607998604058], [120.95810498013572, -8.343654037495346], [120.98503560608538, -8.35012323361597], [120.97698737304295, -8.370204696573733], [120.96445070234225, -8.364274600129828], [120.96321251264341, -8.370204696573733], [120.9737371250835, -8.377482542209433], [120.98503560608538, -8.374247944149122], [120.99261951799073, -8.392846882995912], [121.01521647999446, -8.398103104843916], [121.0232647130369, -8.414006545307112], [121.0446234853418, -8.41494996974137], [121.05019533898655, -8.411715371681058], [121.07341139583971, -8.412524021196136], [121.08842444593807, -8.420475741427735], [121.0941510732952, -8.418184567801681], [121.1035922697488, -8.42559718835656], [121.11473597703832, -8.428427461659332], [121.12789174258843, -8.426405837871638], [121.13980931843972, -8.428157911820973], [121.1568344267987, -8.435300982537493], [121.16550175469054, -8.443522252607451], [121.17308566659591, -8.440826754223858], [121.19119419094136, -8.437861706001906], [121.20249267194323, -8.450260998566431], [121.21626753234277, -8.46144731685834], [121.23205445100291, -8.462929840969316], [121.24319815829243, -8.468859937413221], [121.26765240484441, -8.464681914918652], [121.30588151179595, -8.482606979169542], [121.31903727734606, -8.508618538571211], [121.326002094402, -8.51616593404527], [121.32476390470318, -8.522769905085072], [121.33544329085562, -8.53772992111401], [121.34612267700807, -8.54891623940592], [121.36051663225703, -8.555654985364901], [121.36732667560062, -8.562798056081421], [121.38497087880901, -8.564819679869116], [121.39240001700202, -8.572501850262356], [121.40307940315448, -8.571558425828098], [121.41128240990925, -8.576545097837743], [121.42180702234936, -8.591639888785862], [121.44007032040716, -8.578701496544618], [121.44007032040716, -8.575736448322665], [121.46514366180857, -8.561315531970445], [121.47644214281044, -8.564280580192397], [121.48650243411346, -8.58126222000903], [121.50089638936242, -8.578027621948719], [121.50213457906126, -8.593122412896838], [121.51281396521371, -8.608082428925776], [121.52024310340671, -8.614282075208038], [121.5284461101615, -8.609295403198393], [121.52596973076383, -8.60282620707777], [121.5409827808622, -8.59986115885582], [121.54160187571162, -8.584496818069342], [121.55413854641232, -8.576275547999384], [121.57348526045661, -8.576275547999384], [121.58168826721139, -8.564280580192397], [121.56543702741419, -8.552689937142949], [121.56481793256476, -8.53772992111401], [121.57100888105894, -8.53072162531667], [121.60552341891396, -8.55956345802111], [121.61233346225755, -8.553633361577207], [121.60118975496805, -8.534495323053699], [121.60366613436571, -8.519130982267221], [121.6030470395163, -8.506462139864336], [121.6067616086128, -8.498510419632739], [121.60490432406455, -8.49096302415868], [121.6192982793135, -8.471824985635173], [121.62997766546594, -8.471420660877634], [121.63926408820721, -8.475329133533844], [121.63864499335779, -8.495680146329967], [121.65180075890791, -8.501475467854691], [121.66511129817039, -8.49419762221899], [121.66696858271864, -8.502688442127308], [121.68012434826876, -8.512122686469882], [121.69328011381887, -8.510370612520546], [121.7257825934133, -8.49446717205735], [121.75395140906178, -8.497432220279302], [121.7722147071196, -8.502957991965665], [121.78598956751914, -8.500936368177971], [121.78722775721798, -8.508618538571211], [121.79976442791867, -8.510640162358905], [121.82793324356716, -8.499453844066997], [121.83365987092428, -8.489750049886062], [121.84232719881612, -8.482606979169542], [121.85424477466741, -8.49419762221899], [121.87126988302639, -8.498914744390277], [121.8844256485765, -8.498914744390277], [121.89510503472896, -8.494736721895709], [121.912594464225, -8.495949696168326], [121.92327385037744, -8.49028914956278], [121.94200146957232, -8.46939903708994], [121.95144266602594, -8.456191095010336], [121.95825270936953, -8.462929840969316], [121.98270695592151, -8.451473972839048], [122.00158934882874, -8.450260998566431], [122.0071612024735, -8.443252702769092], [122.02542450053132, -8.442309278334834], [122.01845968347537, -8.470881561200915], [122.00901848702175, -8.486785001664112], [122.01226873498119, -8.505923040187618], [122.00654210762409, -8.513874760419217], [122.01784058862596, -8.53072162531667], [122.02356721598306, -8.525600178387844], [122.03672298153319, -8.528834776448155], [122.04353302487678, -8.521556930812455], [122.05235512648098, -8.528565226609796], [122.06674908172992, -8.522365580327532], [122.0780475627318, -8.52708270249882], [122.08114303697889, -8.540694969335963], [122.08872694888424, -8.542716593123657], [122.09182242313133, -8.532473699266005], [122.10497818868146, -8.528834776448155], [122.12184852332807, -8.541234069012681], [122.1407309162353, -8.550398763516895], [122.15945853543018, -8.555654985364901], [122.17199520613089, -8.570749776313018], [122.1814364025845, -8.578027621948719], [122.18453187683158, -8.587192316452935], [122.19211578873696, -8.590966014189963], [122.19583035783346, -8.599591609017459], [122.21657003528894, -8.609295403198393], [122.22090369923485, -8.619942621813584], [122.23158308538731, -8.625737943338308], [122.2523227628428, -8.633150563893187], [122.26733581294117, -8.632881014054828], [122.28049157849128, -8.636385161953498], [122.29117096464374, -8.642315258397401], [122.30742220444094, -8.636924261630217], [122.31933978029222, -8.628972541398618], [122.32940007159526, -8.618460097702608], [122.35184225988664, -8.618729647540967], [122.36128345634026, -8.611990901581986], [122.37753469613746, -8.609295403198393], [122.40136984784003, -8.608351978764135], [122.40771557004656, -8.612260451420344], [122.41901405104842, -8.607543329249058], [122.43464619599622, -8.607812879087417], [122.44145623933981, -8.604578281027106], [122.46157682194587, -8.60309575691613], [122.47411349264658, -8.609025853360034], [122.48541197364844, -8.59217898846258], [122.48603106849787, -8.583688168554264], [122.49856773919856, -8.570749776313018], [122.50537778254215, -8.557811384071774], [122.51729535839344, -8.54864668956756], [122.51419988414635, -8.542177493446939], [122.51296169444751, -8.526274052983743], [122.49794864434915, -8.517648458156247], [122.48726925819669, -8.507405564298594], [122.47906625144192, -8.49419762221899], [122.4909838272932, -8.474385709099586], [122.50800893565219, -8.468186062817322], [122.52983202909414, -8.466433988867987], [122.53741594099951, -8.46144731685834], [122.5462380426037, -8.464142815241933], [122.55428627564613, -8.456460644848695], [122.57053751544333, -8.433818458426517], [122.59251538259765, -8.423171239811326], [122.59003900319999, -8.412928345953675], [122.6031947687501, -8.392307783319191], [122.60690933784662, -8.398776979439814], [122.61511234460139, -8.39635103089458], [122.62006510339673, -8.383682188491695], [122.63523292720745, -8.381391014865642], [122.65705602064942, -8.390151384612318], [122.66463993255478, -8.390151384612318], [122.68212936205083, -8.383143088814977], [122.68847508425735, -8.378156416805332], [122.7059645137534, -8.373978394310763], [122.72283484840001, -8.362522526180495], [122.73660970879955, -8.357805404009207], [122.74852728465083, -8.358748828443465], [122.76044486050212, -8.36373550045311], [122.76802877240749, -8.361040002069519], [122.77561268431285, -8.341632413707652], [122.78876844986297, -8.316564278740241], [122.79743577775481, -8.312521031164852], [122.81121063815435, -8.297695790055094], [122.8181754552103, -8.29890876432771], [122.82761665166392, -8.292709118045448], [122.83566488470633, -8.295404616429039], [122.85454727761356, -8.290148394581035], [122.87203670710961, -8.293652542479705], [122.88457337781031, -8.286913796520723], [122.89401457426393, -8.276266577905533], [122.89525276396276, -8.25537646543269], [122.90840852951288, -8.236238426909182], [122.90840852951288, -8.224378234021376], [122.9178497259665, -8.209418217992438], [122.93224368121545, -8.195266851478577], [122.92032610536417, -8.194997301640218], [122.90283667586813, -8.180306835449638], [122.89091910001684, -8.175185388520811], [122.88209699841265, -8.180845935126356], [122.86646485346485, -8.176128812955069], [122.8595000364089, -8.185832607136003], [122.8500588399553, -8.188797655357954], [122.8469633657082, -8.182598009075692], [122.83380760015808, -8.192571353094984], [122.81059154330494, -8.197288475266271], [122.79929306230306, -8.207666144043102], [122.79743577775481, -8.223569584506297], [122.78876844986297, -8.23381247836395], [122.77050515180515, -8.232060404414614], [122.7649332981604, -8.225591208293991], [122.7561111965562, -8.23003878062692], [122.74914637950026, -8.225860758132352], [122.73413332940189, -8.228017156839226], [122.7310378551548, -8.216426513789777], [122.7598257656527, -8.19405387720596], [122.76168305020096, -8.177880886904404], [122.78180363280703, -8.156721224593202], [122.78489910705412, -8.146074005978011], [122.77870815855994, -8.135157237524462], [122.78056544310819, -8.111975951425567], [122.78938754471238, -8.104024231193968], [122.79557849320656, -8.109280453041974], [122.8181754552103, -8.095398636366472], [122.830712125911, -8.096611610639089], [122.83628397955576, -8.08542529234718], [122.86383370035483, -8.064535179874337], [122.88209699841265, -8.073969424216912], [122.89091910001684, -8.086907816458154], [122.921564295063, -8.104293781032327], [122.93533915546254, -8.108741353365255], [122.9409110091073, -8.115210549485877], [122.95545973806861, -8.120736321172242], [122.9673773139199, -8.128148941727122], [122.97356826241406, -8.137583186069696], [122.97171097786581, -8.174107189167374], [122.96861550361872, -8.187854230923698], [122.96288887626162, -8.194323427044319], [122.96412706596045, -8.201736047599198], [122.97790192635999, -8.21265281605275], [122.97790192635999, -8.222626160072041], [122.98486674341594, -8.23731662626262], [122.98300945886768, -8.251198442938122], [122.98981950221128, -8.253893941321714], [122.9961652244178, -8.268045307835575], [123.01876218642154, -8.281253249915178], [123.02000037612036, -8.317507703174499], [123.00173707806256, -8.332737269041797], [122.99167678675953, -8.336915291536364], [122.98981950221128, -8.34244106322273], [122.96799640876931, -8.351066658050225], [122.95282858495858, -8.346619085717299], [122.94168487766908, -8.337723941051443], [122.93286277606487, -8.33516321758703], [122.92527886415951, -8.327211497355432], [122.91336128830822, -8.328694021466408], [122.91026581406113, -8.343384487656987], [122.90206280730635, -8.347158185394017], [122.89091910001684, -8.36723964835178], [122.88581156750915, -8.369261272139475], [122.87838242931613, -8.384895162764312], [122.88147790356322, -8.397024905490479], [122.88952613660565, -8.401742027661765], [122.89339547941451, -8.419936641751015], [122.89030000516742, -8.446082976071864], [122.87203670710961, -8.454978120737719], [122.85330908791474, -8.449721898889713], [122.84077241721403, -8.441500628819757], [122.830712125911, -8.439074680274523], [122.82560459340331, -8.42937088609359], [122.81631817066204, -8.429101336255231], [122.80625787935901, -8.422901689972967], [122.79062573441122, -8.422901689972967], [122.78366091735528, -8.430853410204566], [122.78613729675294, -8.44756550018284], [122.77870815855994, -8.457673619121312], [122.78489910705412, -8.46198641653506], [122.78814935501356, -8.479102831270872], [122.79805487260423, -8.493523747623092], [122.81631817066204, -8.504170966238283], [122.83195031560983, -8.517648458156247], [122.8432487966117, -8.54514254166889], [122.84448698631054, -8.561585081808804], [122.84201060691287, -8.571827975666457], [122.83133122076042, -8.583957718392623], [122.83133122076042, -8.589887814836526], [122.81693726551146, -8.597435210310586], [122.81182973300378, -8.596087461118788], [122.80130512056367, -8.60282620707777], [122.79557849320656, -8.601074133128435], [122.7774699688611, -8.61050837747101], [122.75177753261028, -8.604847830865465], [122.73599061395014, -8.608621528602495], [122.7273232860583, -8.618460097702608], [122.7279423809077, -8.632476689297288], [122.70163084980747, -8.623177219873895], [122.69776150699862, -8.625737943338308], [122.67531931870724, -8.622233795439637], [122.6615444583077, -8.62816389188354], [122.65396054640233, -8.637193811468576], [122.64575753964755, -8.636385161953498], [122.62950629985035, -8.639889309852169], [122.61882691369789, -8.655253650638645], [122.61015958580604, -8.649323554194742], [122.59824200995476, -8.652019052578336], [122.5869435289529, -8.662531496274346], [122.56620385149742, -8.664283570223681], [122.55552446534496, -8.667518168283992], [122.55242899109788, -8.678434936737542], [122.54236869979485, -8.691777653736326], [122.53989232039717, -8.701481447917258], [122.52240289090113, -8.70822019387624], [122.51419988414635, -8.714689389996861], [122.49918683404798, -8.720349936602407], [122.48850744789553, -8.71913696232979], [122.47658987204424, -8.72264111022846], [122.46652958074121, -8.73355787868201], [122.45213562549226, -8.73679247674232], [122.44269442903864, -8.732884004086111], [122.43015775833794, -8.734770852954625], [122.42210952529551, -8.743531222701302], [122.41143013914306, -8.745283296650637], [122.38202313379574, -8.744744196973919], [122.37691560128805, -8.752426367367157], [122.34627040624189, -8.740566174479351], [122.3255307287864, -8.742048698590326], [122.31237496323628, -8.740566174479351], [122.28606343213605, -8.749730868983566], [122.28358705273837, -8.754717540993212], [122.27228857173651, -8.753908891478133], [122.24411975608801, -8.743261672862943], [122.21657003528894, -8.74447464713556], [122.20527155428707, -8.750674293417823], [122.19273488358637, -8.745283296650637], [122.18267459228333, -8.733288328843651], [122.17509068037798, -8.7296494060258], [122.14568367503064, -8.728301656834004], [122.1281942455346, -8.731131930136776], [122.11813395423157, -8.7296494060258], [122.10869275777796, -8.734770852954625], [122.0854767009248, -8.74029662464099], [122.0780475627318, -8.747439695357512], [122.07495208848471, -8.759704213002857], [122.05235512648098, -8.767925483072815], [122.04600940427444, -8.780055225798982], [122.03610388668376, -8.785041897808627], [122.0316154490255, -8.794745691989561], [122.01660239892712, -8.795419566585458], [121.99725568488282, -8.80593201028147], [121.96893209552198, -8.812401206402093], [121.96336024187723, -8.817522653330919], [121.92451204007628, -8.8315392449256], [121.89433116616718, -8.83100014524888], [121.88256836402824, -8.828304646865288], [121.87436535727348, -8.833291318874934], [121.85873321232567, -8.836660691854425], [121.84991111072148, -8.851351158045004], [121.84108900911728, -8.851081608206645], [121.8223613899224, -8.859572428114962], [121.81988501052474, -8.866311174073942], [121.80982471922171, -8.872510820356206], [121.80409809186459, -8.87129784608359], [121.78970413661564, -8.87817136696175], [121.7722147071196, -8.883427588809756], [121.76788104317367, -8.881001640264522], [121.73398560016807, -8.877227942527494], [121.72268711916621, -8.863076576013633], [121.7013283468613, -8.851890257721724], [121.68321982251585, -8.846364486035359], [121.66820677241748, -8.84919475933813], [121.66124195536153, -8.854855305943675], [121.66433742960862, -8.875475868578157], [121.66248014506036, -8.889896784930379], [121.6569082914156, -8.889896784930379], [121.647467094962, -8.904587251120958], [121.63926408820721, -8.905530675555216], [121.62688219121887, -8.899061479434593], [121.62487013295825, -8.890435884607097], [121.63369223456246, -8.865098199801327], [121.64251433616666, -8.84986863393403], [121.64127614646782, -8.839490965157196], [121.63554951911071, -8.834504293147551], [121.61233346225755, -8.827226447511851], [121.60366613436571, -8.822509325340564], [121.58989127396617, -8.804449486170494], [121.56729431196244, -8.797710740211512], [121.54841191905521, -8.805662460443111], [121.54531644480812, -8.80957093309932], [121.50708733785659, -8.804179936332135], [121.4857285655517, -8.79865416464577], [121.45879793960204, -8.79865416464577], [121.441308510106, -8.795419566585458], [121.41809245325284, -8.793667492636123], [121.41561607385518, -8.78800694603058], [121.41375878930693, -8.792724068201867], [121.39549549124911, -8.788950370464837], [121.37986334630132, -8.793263167878585], [121.3704221498477, -8.812401206402093], [121.36732667560062, -8.825474373562516], [121.37181511325889, -8.851351158045004], [121.36918396014887, -8.878440916800109], [121.3629930116547, -8.886392637031708], [121.34797996155632, -8.897578955323617], [121.34225333419921, -8.905261125716855], [121.31408451855071, -8.91105644724158], [121.29783327875352, -8.90701319966619], [121.28282022865514, -8.891648858879712], [121.26208055119966, -8.886931736708426], [121.25325844959546, -8.891648858879712], [121.24134087374418, -8.888683810657762], [121.23453083040059, -8.894074807424946], [121.22508963394696, -8.88935768525366], [121.20698110960151, -8.89340093282905], [121.19320624920198, -8.893131382990688], [121.1850032424472, -8.88544921259745], [121.17184747689707, -8.886662186870067], [121.16240628044346, -8.894883456940024], [121.1391902235903, -8.898118055000335], [121.12665355288961, -8.909573923130603], [121.11349778733948, -8.916043119251226], [121.10668774399589, -8.916043119251226], [121.08594806654041, -8.924938263917081], [121.06783954219495, -8.935585482532272], [121.05592196634366, -8.948254324935156], [121.05081443383597, -8.946367476066643], [121.02961043524343, -8.956475595005115], [121.00144161959493, -8.956206045166756], [120.98751198548304, -8.951758472833827], [120.97946375244061, -8.943132878006331], [120.97064165083641, -8.946367476066643], [120.94680649913384, -8.93989827994602], [120.91430401953943, -8.921164566180051], [120.90176734883873, -8.906069775231934], [120.89108796268629, -8.899331029272952], [120.88164676623266, -8.887470836385145], [120.87282466462847, -8.886662186870067], [120.86663371613429, -8.876958392689133], [120.86787190583313, -8.869276222295895], [120.85657342483127, -8.852564132317621], [120.85409704543359, -8.840703939429813], [120.84713222837765, -8.833021769036575], [120.83598852108813, -8.828978521461186], [120.81896341272916, -8.835717267420168], [120.81648703333148, -8.84191691370243], [120.80271217293195, -8.839490965157196], [120.788318217683, -8.840973489268173], [120.78584183828532, -8.847173135550436], [120.78584183828532, -8.869815321972613], [120.77454335728345, -8.883697138648115], [120.7544227746774, -8.89286183315233], [120.74374338852493, -8.89259228331397], [120.73755244003077, -8.888144710981043], [120.70179971247691, -8.880462540587803], [120.69050123147504, -8.87102829624523], [120.65598669362002, -8.870219646730153], [120.64608117602934, -8.8672545985082], [120.62038873977852, -8.844612412086024], [120.60785206907782, -8.821565900906307], [120.59531539837712, -8.814827154947325], [120.57952847971697, -8.818331302845996], [120.57148024667455, -8.816309679058302], [120.55135966406849, -8.81684877873502], [120.54393052587547, -8.811862106725373], [120.52814360721533, -8.81307508099799], [120.51823808962465, -8.818331302845996], [120.48991450026381, -8.821296351067947], [120.47118688106893, -8.817118328573379], [120.45617383097056, -8.818061753007637], [120.43729143806333, -8.813614180674708], [120.43048139471973, -8.819544277118613], [120.4204211034167, -8.81684877873502], [120.4041698636195, -8.824261399289899], [120.39163319291879, -8.826283023077593], [120.38157290161575, -8.817522653330919], [120.36841713606564, -8.819544277118613], [120.35526137051552, -8.830730595410522], [120.33514078790945, -8.835447717581808], [120.33266440851179, -8.840434389591454], [120.31393678931691, -8.855394405620393], [120.29814987065677, -8.844208087328484], [120.2763267772148, -8.853642331671058], [120.26688558076118, -8.846634035873718], [120.25434891006049, -8.848655659661413], [120.22803737896024, -8.841647363864071], [120.22370371501432, -8.836660691854425], [120.21364342371129, -8.836660691854425], [120.20977408090243, -8.827226447511851], [120.19042736685813, -8.813614180674708], [120.1854746080628, -8.805662460443111], [120.17092587910149, -8.79151109392925], [120.15916307696256, -8.785311447646986], [120.14028068405533, -8.788546045707298], [120.110873678708, -8.790702444414173], [120.08394305275834, -8.798923714484129], [120.0806928047989, -8.8024278623828], [120.05886971135693, -8.807684084230806], [120.04695213550565, -8.81334463083635], [120.0325581802567, -8.81307508099799], [120.00996121825297, -8.817522653330919], [119.9824114974539, -8.820083376795331], [119.96925573190377, -8.826013473239234], [119.96352910454667, -8.823048425017284], [119.94294420080354, -8.82102680122959], [119.92468090274572, -8.833695643632474], [119.92282361819747, -8.842456013379149], [119.91462061144269, -8.840434389591454], [119.92220452334804, -8.861594051902657], [119.91910904910097, -8.865772074397224], [119.90595328355084, -8.866985048669841], [119.88583270094477, -8.852159807560081], [119.88273722669769, -8.828708971622827], [119.88583270094477, -8.816040129219942], [119.86323573894104, -8.807684084230806], [119.8582829801457, -8.801888762706081], [119.83878149238906, -8.803371286817057], [119.83197144904547, -8.796497765938895], [119.82825687994895, -8.786793971757962], [119.80875539219231, -8.776551077900312], [119.80999358189115, -8.771564405890665], [119.80117148028695, -8.764421335174145], [119.80875539219231, -8.75539141558911], [119.80117148028695, -8.743800772539661], [119.80689810764406, -8.730323280621699], [119.79931419573869, -8.72291066006682], [119.80318353854756, -8.70822019387624], [119.79621872149161, -8.702020547593976], [119.80380263339697, -8.671157091101842], [119.81061267674056, -8.669405017152506], [119.81123177158997, -8.66077942232501], [119.80751720249347, -8.64662805581115], [119.80627901279465, -8.616034149157375], [119.81061267674056, -8.60282620707777], [119.79869510088928, -8.59986115885582], [119.80380263339697, -8.587192316452935], [119.80442172824638, -8.571827975666457], [119.81370815098765, -8.560102557697828], [119.83073325934663, -8.551207413031973], [119.8332096387443, -8.539481995063346], [119.84450811974617, -8.539751544901705], [119.85333022135036, -8.532069374508467], [119.86834327144874, -8.523848104438509], [119.87762969418999, -8.506192590025977], [119.87902265760118, -8.496488795845044], [119.87515331479233, -8.489076175290165], [119.88087994214943, -8.481124455058566], [119.87205784054524, -8.46495146475701], [119.87205784054524, -8.457943168959671], [119.86075935954337, -8.452686947111665], [119.86323573894104, -8.442309278334834], [119.86075935954337, -8.432335934315542], [119.87205784054524, -8.427349262305896], [119.88459451124594, -8.44406135228417], [119.87824878903942, -8.450260998566431], [119.87701059934058, -8.458751818474749], [119.90208394074199, -8.466164439029628], [119.9078105680991, -8.475598683372201], [119.91585880114152, -8.468859937413221], [119.93783666829584, -8.456730194687054], [119.94356329565295, -8.459156143232288], [119.95609996635365, -8.450260998566431], [119.95733815605249, -8.442309278334834], [119.96476729424549, -8.438805130436164], [119.96987482675318, -8.428157911820973], [119.97668487009678, -8.434627107941594], [119.97297030100027, -8.444330902122529], [119.98303059230331, -8.445274326556786], [119.98364968715272, -8.453765146465102], [119.99293610989399, -8.460908217181622], [120.00052002179935, -8.460234342585725], [120.00299640119702, -8.451473972839048], [120.01305669250006, -8.447026400506122], [120.01553307189772, -8.435570532375852], [120.0023773063476, -8.430314310527848], [119.99990092694993, -8.414006545307112], [120.01739035644597, -8.407806899024848], [120.0111994079518, -8.399316079116533], [120.01739035644597, -8.394868506783606], [120.02064060440541, -8.38583858719857], [120.0305461219961, -8.38193011454236], [120.05314308399983, -8.394598956945245], [120.06382247015227, -8.378156416805332], [120.0732636666059, -8.382603989138259], [120.05825061650752, -8.395542381379503], [120.04880942005391, -8.398776979439814], [120.05004760975274, -8.405515725398796], [120.06382247015227, -8.402281127338485], [120.06567975470053, -8.397564005167197], [120.08518124245718, -8.386916786552007], [120.08193099449774, -8.414006545307112], [120.09013400125252, -8.4114458218427], [120.09384857034902, -8.4187236674784], [120.08193099449774, -8.426136288033279], [120.08456214760776, -8.436783506648469], [120.09013400125252, -8.440826754223858], [120.10452795650147, -8.437322606325187], [120.11025458385859, -8.441096304062217], [120.11892191175043, -8.424114664245584], [120.12402944425813, -8.421688715700352], [120.11644553235276, -8.406728699671412], [120.11706462720218, -8.37101334608881], [120.12016010144926, -8.357805404009207], [120.1271249185052, -8.357805404009207], [120.13083948760172, -8.366970098513422], [120.14662640626186, -8.366700548675063], [120.15034097535836, -8.380178040593027], [120.16287764605906, -8.368183072786039], [120.17030678425208, -8.34958413393925], [120.1854746080628, -8.348101609828275], [120.18284345495277, -8.339880339758317], [120.19042736685813, -8.321955275507426], [120.19986856331175, -8.30632138488259], [120.21240523401245, -8.309825532781261], [120.23933585996211, -8.302143362388021], [120.24305042905861, -8.295943716105757], [120.26193282196584, -8.282735774026154], [120.27756496691363, -8.283544423541233], [120.29133982731318, -8.28071415023846]]], [[[122.45213562549226, -8.459156143232288], [122.45662406315054, -8.468590387574862], [122.45461200488992, -8.47654210780646], [122.43897985994214, -8.472364085311892], [122.43588438569505, -8.47613778304892], [122.42272862014494, -8.47209453547353], [122.43897985994214, -8.459964792747366], [122.45213562549226, -8.459156143232288]]], [[[122.37258193734212, -8.428157911820973], [122.3933216147976, -8.434627107941594], [122.40585828549831, -8.44675685066776], [122.4163828979384, -8.439344230112882], [122.42272862014494, -8.448508924617098], [122.41390651854073, -8.457943168959671], [122.41700199278782, -8.468590387574862], [122.41514470823957, -8.477081207483177], [122.40523919064889, -8.478563731594154], [122.38883317713933, -8.49797131995602], [122.37072465279387, -8.495006271734068], [122.36375983573792, -8.489076175290165], [122.34936588048897, -8.484089503280519], [122.3343528303906, -8.463873265403574], [122.33559102008944, -8.455247670576078], [122.33373373554119, -8.435570532375852], [122.34503221654305, -8.428427461659332], [122.3557116026955, -8.429909985770308], [122.37258193734212, -8.428157911820973]]], [[[122.5123425995981, -8.413197895792035], [122.52054560635288, -8.424114664245584], [122.51915264294169, -8.431392509881285], [122.50166321344565, -8.435570532375852], [122.49794864434915, -8.421419165861991], [122.5123425995981, -8.413197895792035]]], [[[122.31485134263394, -8.345136561606322], [122.31686340089456, -8.354840355787255], [122.30742220444094, -8.368722172462757], [122.29240915434256, -8.36373550045311], [122.28606343213605, -8.368722172462757], [122.27538404598359, -8.365757124240805], [122.28482524243721, -8.354301256110537], [122.300457387385, -8.356322879898231], [122.31485134263394, -8.345136561606322]]], [[[121.70705497421842, -8.291900468530368], [121.72021073976853, -8.296617590701656], [121.73027103107157, -8.296617590701656], [121.73955745381284, -8.308612558508642], [121.74079564351166, -8.319529326962193], [121.74652227086878, -8.32424644913348], [121.74280770177228, -8.342845387980269], [121.72825897281096, -8.35335783167628], [121.71138863816434, -8.354031706272178], [121.68631529676293, -8.346888635555658], [121.67826706372051, -8.339880339758317], [121.67687410030932, -8.321281400911529], [121.68631529676293, -8.311038507053876], [121.6850771070641, -8.305377960448332], [121.69575649321655, -8.2956741662674], [121.70705497421842, -8.291900468530368]]], [[[122.13128971978169, -8.107528379092638], [122.13500428887819, -8.113458475536543], [122.13005153008285, -8.121949295444859], [122.11999123877982, -8.119658121818805], [122.10931185262737, -8.124375243990091], [122.10559728353087, -8.116423523758494], [122.11256210058681, -8.111302076829668], [122.12122942847866, -8.112245501263926], [122.13128971978169, -8.107528379092638]]], [[[121.5284461101615, -8.855798730377932], [121.53339886895684, -8.864828649962966], [121.5284461101615, -8.871702170841129], [121.53463705865568, -8.884236238324833], [121.5284461101615, -8.902026527656545], [121.51529034461137, -8.906339325070292], [121.50708733785659, -8.893670482667407], [121.50894462240485, -8.881405965022061], [121.52271948280439, -8.873049920032924], [121.51838581885846, -8.854585756105315], [121.5284461101615, -8.855798730377932]]], [[[120.2956734912591, -8.872510820356206], [120.30511468771272, -8.880732090426164], [120.30573378256213, -8.89987012894967], [120.28762525821666, -8.911999871675837], [120.27446949266655, -8.915773569412867], [120.25682528945815, -8.902835177171623], [120.27060014985769, -8.880192990749444], [120.28700616336725, -8.868332797861637], [120.2956734912591, -8.872510820356206]]], [[[119.78615843018858, -8.7944761421512], [119.80256444369813, -8.800675788433464], [119.79807600603986, -8.821835450744667], [119.79126596269627, -8.825070048804978], [119.77811019714615, -8.822778875178923], [119.77052628524079, -8.818331302845996], [119.7711453800902, -8.807414534392446], [119.77811019714615, -8.797710740211512], [119.78615843018858, -8.7944761421512]]], [[[119.6552198695368, -8.78423324829355], [119.65460077468738, -8.790432894575812], [119.66775654023749, -8.800945338271823], [119.66651835053867, -8.812805531159631], [119.66017262833213, -8.816309679058302], [119.64577867308319, -8.80957093309932], [119.63076562298481, -8.807414534392446], [119.63200381268364, -8.800675788433464], [119.6463977679326, -8.793263167878585], [119.6552198695368, -8.78423324829355]]], [[[119.42522613297822, -8.7442050972972], [119.43079798662299, -8.764421335174145], [119.42213065873115, -8.760378087598756], [119.42089246903231, -8.748517894710949], [119.42522613297822, -8.7442050972972]]], [[[119.60135861763749, -8.631398489943852], [119.60383499703515, -8.633150563893187], [119.60259680733631, -8.659027348375675], [119.59006013663561, -8.662531496274346], [119.58061894018199, -8.654984100800286], [119.5649867952342, -8.659970772809933], [119.55864107302769, -8.66468789498122], [119.55492650393117, -8.676413312949848], [119.54238983323047, -8.676143763111488], [119.53557978988688, -8.668192042879891], [119.54486621262814, -8.665226994657939], [119.55941494158945, -8.655523200477006], [119.5680822694813, -8.656736174749621], [119.58123803503142, -8.640158859690528], [119.5894410417862, -8.633420113731546], [119.60135861763749, -8.631398489943852]]], [[[119.63448019208131, -8.605386930542183], [119.64515957823376, -8.612530001258705], [119.66156559174333, -8.618729647540967], [119.66466106599042, -8.629915965832875], [119.65831534378388, -8.656736174749621], [119.66466106599042, -8.663744470546963], [119.67209020418342, -8.686656206807498], [119.68648415943237, -8.684365033181447], [119.69468716618715, -8.674391689162153], [119.70846202658669, -8.669405017152506], [119.70350926779135, -8.653097251931772], [119.71666503334147, -8.638137235902834], [119.71914141273913, -8.621694695762919], [119.73864290049579, -8.620751271328661], [119.74545294383938, -8.626411817934205], [119.75303685574474, -8.61805577294507], [119.77362175948787, -8.615764599319014], [119.78244386109208, -8.619538297056044], [119.7925041523951, -8.61401252536968], [119.80504082309581, -8.624929293823229], [119.79869510088928, -8.634363538165804], [119.79993329058811, -8.654984100800286], [119.76990719039136, -8.658488248698957], [119.75984689908833, -8.664014020385322], [119.74792932323705, -8.676682862788207], [119.75040570263472, -8.685578007454062], [119.7460720386888, -8.69676432574597], [119.72610622979509, -8.699729373967923], [119.72548713494567, -8.685308457615703], [119.71914141273913, -8.684634583019804], [119.70722383688786, -8.692316753413044], [119.70412836264077, -8.706198570088546], [119.69592535588599, -8.714150290320143], [119.69097259709065, -8.725336608612052], [119.69592535588599, -8.732075354571034], [119.71093840598436, -8.738814100530014], [119.71976050758856, -8.738814100530014], [119.7298207988916, -8.752965467043875], [119.71976050758856, -8.759704213002857], [119.72610622979509, -8.766847283719377], [119.72223688698622, -8.775607653466054], [119.71155750083378, -8.778572701688006], [119.71976050758856, -8.786524421919603], [119.71542684364263, -8.793667492636123], [119.69592535588599, -8.808897058503423], [119.67534045214286, -8.808627508665062], [119.67534045214286, -8.78800694603058], [119.66466106599042, -8.78032477563734], [119.66079172318155, -8.77358602967836], [119.64902892104261, -8.777359727415389], [119.64206410398667, -8.775338103627695], [119.63571838178015, -8.784502798131909], [119.62194352138062, -8.795689116423818], [119.6145143831876, -8.78773739619222], [119.61389528833818, -8.766577733881018], [119.60445409188456, -8.754178441316492], [119.60754956613165, -8.739083650368375], [119.62132442653119, -8.731131930136776], [119.62070533168178, -8.716980563622915], [119.61699076258527, -8.709163618310498], [119.63571838178015, -8.698785949533665], [119.64082591428784, -8.707950644037881], [119.64902892104261, -8.700268473644641], [119.65645805923563, -8.707681094199522], [119.65831534378388, -8.68989080486781], [119.64964801589204, -8.682073859555391], [119.63649225034192, -8.687869181080115], [119.62890833843656, -8.682343409393752], [119.639587724589, -8.67587421327313], [119.64206410398667, -8.659027348375675], [119.63509928693072, -8.65053652846736], [119.63138471783422, -8.633420113731546], [119.61760985743469, -8.622503345277996], [119.61513347803702, -8.608621528602495], [119.63200381268364, -8.603365306754489], [119.63448019208131, -8.605386930542183]]], [[[119.72734441949392, -8.568997702363685], [119.7247132663839, -8.578971046382977], [119.71295046424497, -8.580453570493953], [119.7053665523396, -8.57371482453497], [119.71295046424497, -8.569267252202042], [119.72734441949392, -8.568997702363685]]], [[[119.72920170404217, -8.49419762221899], [119.73415446283751, -8.501205918016332], [119.72734441949392, -8.506192590025977], [119.71356955909438, -8.506462139864336], [119.71728412819088, -8.496488795845044], [119.72920170404217, -8.49419762221899]]], [[[119.56312951068595, -8.46198641653506], [119.56374860553537, -8.471824985635173], [119.55430740908176, -8.477081207483177], [119.55245012453351, -8.46912948725158], [119.56312951068595, -8.46198641653506]]], [[[119.45710951772323, -8.428427461659332], [119.46778890387567, -8.437861706001906], [119.46655071417685, -8.448239374778737], [119.47351553123279, -8.452686947111665], [119.46778890387567, -8.46198641653506], [119.4704200569857, -8.48004625570513], [119.48218285912463, -8.486245901987392], [119.48852858133115, -8.480315805543489], [119.50044615718244, -8.486515451825753], [119.50663710567662, -8.49419762221899], [119.51979287122674, -8.485302477553136], [119.53171044707803, -8.491502123835398], [119.54424711777872, -8.490558699401141], [119.55306921938292, -8.497432220279302], [119.56312951068595, -8.484089503280519], [119.57117774372838, -8.489480500047703], [119.5717968385778, -8.497701770117661], [119.5680822694813, -8.520613506378197], [119.56189132098712, -8.515626834368552], [119.54935465028642, -8.529239101205693], [119.54935465028642, -8.536516946841394], [119.56003403643886, -8.550398763516895], [119.55941494158945, -8.585709792341959], [119.56684407978246, -8.598109084906483], [119.54610440232697, -8.596087461118788], [119.53294863677685, -8.602556657239411], [119.51979287122674, -8.596626560795508], [119.52490040373443, -8.581936094604929], [119.51979287122674, -8.57371482453497], [119.5111255433349, -8.568593377606145], [119.49796977778477, -8.571288875989737], [119.49735068293536, -8.587461866291292], [119.48605220193349, -8.593391962735197], [119.4778491951787, -8.604308731188747], [119.46716980902626, -8.607543329249058], [119.45277585377731, -8.606330354976441], [119.45710951772323, -8.61805577294507], [119.47351553123279, -8.629242091236978], [119.47661100547987, -8.652019052578336], [119.45587132802439, -8.648380129760485], [119.44782309498197, -8.654984100800286], [119.4328100448836, -8.676143763111488], [119.43466732943185, -8.684634583019804], [119.44209646762485, -8.684365033181447], [119.4453467155843, -8.699729373967923], [119.45153766407847, -8.701481447917258], [119.45277585377731, -8.711993891613268], [119.44596581043372, -8.720619486440766], [119.45277585377731, -8.729110306349082], [119.44782309498197, -8.734770852954625], [119.45153766407847, -8.745283296650637], [119.4439537521731, -8.751213393094542], [119.43590551913069, -8.748517894710949], [119.41965427933347, -8.73005373078334], [119.40510555037217, -8.721697685794203], [119.38947340542437, -8.724393184177796], [119.37941311412135, -8.721428135955843], [119.38080607753253, -8.709433168148855], [119.3863779311773, -8.697303425422689], [119.3958191276309, -8.695551351473355], [119.40649851378335, -8.684095483343086], [119.40649851378335, -8.666439968930554], [119.40386736067333, -8.658488248698957], [119.40959398803044, -8.64662805581115], [119.39643822248033, -8.633420113731546], [119.39643822248033, -8.621964245601278], [119.38390155177962, -8.624255419227332], [119.38003220897076, -8.611317026986088], [119.38823521572554, -8.60282620707777], [119.38142517238195, -8.589887814836526], [119.38142517238195, -8.576545097837743], [119.39133068997263, -8.559159133263572], [119.39829550702858, -8.563876255434858], [119.41516584167519, -8.553094261900489], [119.4239879432794, -8.550937863193614], [119.42460703812881, -8.530047750720772], [119.4365246139801, -8.52708270249882], [119.42336884842997, -8.510370612520546], [119.42336884842997, -8.499453844066997], [119.44596581043372, -8.48381995344216], [119.4314170814724, -8.471420660877634], [119.42089246903231, -8.449452349051354], [119.44147737277544, -8.446487300829403], [119.45029947437963, -8.452282622354126], [119.45401404347614, -8.447295950344479], [119.45339494862672, -8.436783506648469], [119.45710951772323, -8.428427461659332]]], [[[119.85766388529629, -8.379638940916307], [119.87391512509349, -8.385164712602672], [119.86648598690049, -8.401742027661765], [119.83940058723847, -8.390151384612318], [119.83878149238906, -8.378965066320408], [119.85766388529629, -8.379638940916307]]], [[[120.0325581802567, -8.359557477958543], [120.03317727510611, -8.368722172462757], [120.0180094512954, -8.369530821977834], [120.01739035644597, -8.359557477958543], [120.02187879410425, -8.352549182161201], [120.0325581802567, -8.359557477958543]]], [[[120.13207767730054, -8.338936915324059], [120.14337615830242, -8.341362863869293], [120.15467463930429, -8.349314584100892], [120.13207767730054, -8.35308828183792], [120.11830281690101, -8.350797108211866], [120.11706462720218, -8.339880339758317], [120.13207767730054, -8.338936915324059]]]]}}]}